InvoiceDate,Make,CountryName,IsDealer,SalePrice,CostPrice,TotalDiscount,DeliveryCharge,SpareParts,LaborCost,ClientName,Model,Color,ReportingYear,ReportingMonth,Registration_Date,VehicleType,InvoiceNumber
00:00.0,Rolls Royce,United Kingdom,NULL,95000,50000,500,750,500,750,Aldo Motors,Camargue,Red,2012,10,08-01-85,Saloon,8B3D7F83-F42C-4523-A737-CDCBF7705B77
00:00.0,Aston Martin,United Kingdom,NULL,120000,75000,0,1500,600,550,Honest John,DBS,Blue,2012,1,09-05-07,Coupe,139BEEEF-FF32-4BE9-9EF1-819AC888B85C
00:00.0,Rolls Royce,United Kingdom,NULL,88000,75000,750,1000,750,550,Bright Orange,Silver Ghost,Green,2012,2,08-09-06,Saloon,D35D72CD-5FF3-4701-A6D1-265A4F4E7CD5
00:00.0,Rolls Royce,United Kingdom,NULL,89000,88000,0,1000,85,550,Honest John,Silver Ghost,Blue,2012,3,05-01-87,Saloon,2ABAA300-E2A5-4E37-BFCA-7B80ED88A2BD
00:00.0,Rolls Royce,United Kingdom,NULL,92000,62000,0,1500,2500,550,Wheels'R'Us,Camargue,Canary Yellow,2012,4,08-01-85,Saloon,A1C2D846-EC39-46FA-A399-0C194AAD4DC8
00:00.0,Rolls Royce,United Kingdom,NULL,102500,125000,0,1000,4000,550,Cut'n'Shut,Camargue,British Racing Green,2012,5,06-05-86,Saloon,1B8F325A-CC41-4BA6-A486-9D44962E40A3
00:00.0,Aston Martin,United Kingdom,NULL,110000,56000,750,500,900,550,Bright Orange,DBS,Dark Purple,2012,6,09-08-91,Coupe,F1B566F0-D137-4810-B449-575438F3F392
00:00.0,Aston Martin,France,NULL,125000,23500,2500,1000,900,550,Les Arnaqueurs,DB7,Red,2012,7,08-05-92,Coupe,ADFFAC9E-DFF3-4BAB-9EC4-DEE9A2B69350
00:00.0,Aston Martin,United Kingdom,NULL,130000,15500,0,1000,900,750,Aldo Motors,DB9,Blue,2012,8,08-09-05,Coupe,15A3BC61-82BD-4CCD-8F0B-49EEE59AF4B7
00:00.0,Aston Martin,United Kingdom,NULL,75000,75890,0,1000,750,750,Aldo Motors,DB9,Silver,2012,9,08-05-93,Coupe,CFC6726D-1522-4981-BC6B-766AE2C6EED0
00:00.0,Aston Martin,United Kingdom,NULL,68500,99000,0,1000,750,750,Aldo Motors,DB4,Night Blue,2012,9,06-05-75,Coupe,CFC6726D-1522-4981-BC6B-766AE2C6EED0
00:00.0,Aston Martin,France,NULL,95000,125000,0,1500,750,750,Les Arnaqueurs,Vantage,Canary Yellow,2012,11,15-01-85,Coupe,C4A55876-3893-4D12-89EF-D381C9CB642B
00:00.0,Aston Martin,United Kingdom,NULL,155000,125000,0,1500,600,750,Wheels'R'Us,Vanquish,Night Blue,2012,11,29-03-79,Coupe,4DFCF7EF-C853-4D75-B584-75F6D752DE92
00:00.0,Aston Martin,United Kingdom,NULL,95000,155000,5000,1500,600,570,Bright Orange,Rapide,Black,2012,12,08-09-04,Coupe,B47CA156-7077-4690-AA1A-0CF4519BA8FA
00:00.0,Aston Martin,United Kingdom,NULL,178500,125000,0,1500,600,570,Cut'n'Shut,Zagato,British Racing Green,2012,12,04-06-94,Coupe,7DBAF8FB-E346-4B8D-9CE0-1FB86B458BEE
00:00.0,Rolls Royce,France,NULL,130000,62000,0,1750,600,570,Les Arnaqueurs,Silver Ghost,Canary Yellow,2013,1,08-09-06,Saloon,4799184A-499A-46AC-95EF-100716A2A270
00:00.0,Rolls Royce,United Kingdom,NULL,178500,62000,0,1750,600,654,Wheels'R'Us,Wraith,Silver,2013,2,01-09-00,Saloon,2AE72D9C-5526-400E-979B-FB5E2670B477
00:00.0,Rolls Royce,United Kingdom,NULL,110000,75890,0,990,600,987,Cut'n'Shut,Silver Ghost,Green,2013,3,10-05-97,Saloon,5963EAA5-4F09-42F0-888F-321FDCD522DC
00:00.0,Rolls Royce,United Kingdom,NULL,130000,62000,0,500,600,654,Bright Orange,Camargue,Blue,2013,4,01-09-01,Saloon,C6ECDC8D-5356-4E10-B06C-DF176E7A44C2
00:00.0,Rolls Royce,United Kingdom,NULL,178500,75890,950,1750,450,321,Honest John,Silver Shadow,Red,2013,5,08-06-05,Saloon,EA924C34-F8FD-4E2F-9334-960E90BA6112
00:00.0,Rolls Royce,United Kingdom,NULL,110000,62000,0,1750,400,951,Aldo Motors,Silver Seraph,Red,2013,6,01-01-99,Saloon,A44A6460-1BBF-4AFB-A9F8-24B680274569
00:00.0,Rolls Royce,United Kingdom,NULL,102500,62000,1750,500,400,987,Aldo Motors,Silver Ghost,Black,2013,7,05-05-01,Saloon,00B971F3-33DD-4DB0-B08E-973E4B531B85
00:00.0,Rolls Royce,United Kingdom,NULL,130000,62000,0,1000,400,750,Honest John,Silver Shadow,British Racing Green,2013,8,08-01-85,Saloon,A5FC5D6E-D875-47E5-8F4B-B5EC81867335
00:00.0,Rolls Royce,United Kingdom,NULL,178500,75890,0,450,200,654,Bright Orange,Camargue,Dark Purple,2013,9,04-05-06,Saloon,D63E42B5-42B2-4DE8-9A68-F89E8B0C7E99
00:00.0,Rolls Royce,United Kingdom,NULL,178500,75890,0,1750,200,987,Wheels'R'Us,Silver Seraph,Red,2013,10,01-06-97,Saloon,BAC06A12-FB2B-4001-82D5-C49ABF0D6C23
00:00.0,Rolls Royce,United Kingdom,NULL,130000,75890,750,1750,300,321,Cut'n'Shut,Silver Ghost,Red,2013,11,01-06-97,Saloon,F27B2319-E4C9-47E7-A7B3-6D73E252E0E4
00:00.0,Rolls Royce,United Kingdom,NULL,178500,62000,0,1750,300,654,Wheels'R'Us,Phantom,British Racing Green,2013,12,25-05-07,Saloon,EE2E8630-7424-4DEC-A6B0-3AFB63D42BF9
00:00.0,Aston Martin,United Kingdom,NULL,178500,75890,0,500,500,987,Wheels'R'Us,DB9,Dark Purple,2013,1,01-06-97,Coupe,A1413CC7-86C5-46D8-93A2-4A3A8907BFB5
00:00.0,Aston Martin,United Kingdom,NULL,110000,75890,0,500,600,963,Cut'n'Shut,DB4,British Racing Green,2013,2,31-01-99,Coupe,97B99DE8-6971-46BA-9BCA-B8F6EF24B6E8
00:00.0,Aston Martin,United Kingdom,NULL,178500,75890,0,500,500,852,Cut'n'Shut,DB9,Black,2013,3,04-05-06,Coupe,7358602C-1129-4C10-BF05-EB4FA4313D5D
00:00.0,Aston Martin,United Kingdom,NULL,110000,75890,0,0,400,147,Bright Orange,DB4,Night Blue,2013,4,08-09-06,Coupe,92EBC0D7-9236-44F9-AA2B-6FB13813A14F
00:00.0,Aston Martin,United Kingdom,NULL,102500,75890,0.01,500,800,852,Bright Orange,DB4,Canary Yellow,2013,5,04-05-06,Coupe,8BE305D6-8553-4CCB-8689-AEF1D9E1F89D
00:00.0,Aston Martin,United Kingdom,NULL,178500,62000,750,450,750,654,Honest John,Vanquish,Silver,2013,6,08-05-98,Coupe,CBB7BE97-946A-44F6-8274-AD5E807F9926
00:00.0,Aston Martin,United Kingdom,NULL,124500,62000,1000,450,850,984,Aldo Motors,Vanquish,Green,2013,7,01-06-97,Coupe,94DD6D1C-6617-4EDF-905B-98FA30432294
00:00.0,Aston Martin,United Kingdom,NULL,130000,62000,1250,450,950,895,Aldo Motors,DB9,Blue,2013,8,09-05-07,Coupe,294FB7EA-E07A-4AB4-B927-C88A4008D556
00:00.0,Aston Martin,United Kingdom,NULL,110000,62000,0,0,1500,486,Honest John,DB9,Blue,2013,9,02-02-02,Coupe,33C51F37-32C1-4A5E-B7B3-FA60C5479CC0
00:00.0,Aston Martin,United Kingdom,NULL,178500,62000,0,450,1400,325,Bright Orange,Vanquish,Red,2013,10,01-09-01,Coupe,C00481E4-D1F0-4B62-A919-AFA0699AF62D
00:00.0,Aston Martin,United Kingdom,NULL,130000,125000,0,1750,1560,658,Wheels'R'Us,Rapide,Red,2013,11,20-09-06,Coupe,B5A99CAD-085F-4175-9DBE-FE5E1F92E5FD
00:00.0,Aston Martin,United Kingdom,NULL,110000,125000,0,1750,1950,752,Cut'n'Shut,Vanquish,Red,2013,12,01-09-01,Coupe,FDF40377-E117-48D9-8F3B-9D566440FAC1
00:00.0,Jaguar,USA,NULL,44000,25000,500,450,1950,486,Rocky Riding,XK,Dark Purple,2012,1,01-09-00,Coupe,B2E02067-8795-4DC2-B4EE-E8A2A2198BD7
00:00.0,Jaguar,USA,NULL,45000,37500,500,450,1950,486,Rocky Riding,XJ6,British Racing Green,2012,2,01-09-00,Saloon,13E5C30E-155B-4EAF-9246-C392C613A116
00:00.0,Jaguar,Switzerland,NULL,39500,25000,500,0,1950,486,Voitures Diplomatiques S.A.,XJ12,Black,2012,3,01-09-00,Saloon,37D95F66-D75E-4D74-8AAA-8F54443FC29B
00:00.0,Jaguar,France,NULL,44000,37500,500,500,1950,486,Les Arnaqueurs,XK,Canary Yellow,2012,4,01-09-00,Coupe,E0479884-0C75-49E3-A166-E17FF5754F21
00:00.0,Jaguar,United Kingdom,NULL,44000,25000,500,500,1950,486,Bright Orange,XJ12,Canary Yellow,2012,5,01-09-00,Saloon,D672CF3B-B536-4305-8B69-E49AB24EBD21
00:00.0,Jaguar,United Kingdom,NULL,39500,37500,500,500,1950,486,Honest John,XK,Night Blue,2012,6,01-09-00,Coupe,96FFBA29-A4EC-434B-8B2A-D56EE79F8D91
00:00.0,Jaguar,United Kingdom,NULL,44000,25000,500,1750,1950,486,Wheels'R'Us,XK,Green,2012,7,01-09-00,Coupe,5470F16B-DE08-4D62-B21F-2888B711F790
00:00.0,Jaguar,United Kingdom,NULL,110000,50000,750,500,2570,486,Cut'n'Shut,XJ12,Blue,2012,8,01-06-97,Saloon,EBF453E4-A6BF-4E0B-8231-D3F2CF153E0A
00:00.0,Jaguar,USA,NULL,110000,25000,750,1750,2570,987,Rocky Riding,XJ12,Canary Yellow,2012,9,01-06-97,Saloon,115C8A12-400B-4D34-95B9-E79C9767A527
00:00.0,Jaguar,Switzerland,NULL,44000,37500,750,1750,2570,987,Voitures Diplomatiques S.A.,XJ6,British Racing Green,2012,10,01-06-97,Saloon,C02C8E51-1353-42C6-AE13-378D74CF49EC
00:00.0,Jaguar,United Kingdom,NULL,39500,25000,0,500,2570,987,Aldo Motors,XK,Dark Purple,2012,11,01-06-97,Coupe,D0CE6FF1-6E4E-4FB0-8ED3-22ADFBE8B8C5
00:00.0,Jaguar,United Kingdom,NULL,44000,37500,0,500,2570,987,Aldo Motors,XK,Black,2012,12,01-06-97,Coupe,CC62F0FE-DE63-4DB5-9E06-33D93ABC6B96
00:00.0,Jaguar,United Kingdom,NULL,44000,25000,0,1750,1950,987,Honest John,XK,British Racing Green,2013,1,01-06-97,Coupe,C48AC320-AAC5-482B-847C-389C7DEB98FD
00:00.0,Jaguar,United Kingdom,NULL,44000,37500,0,500,1950,987,Bright Orange,XK,Dark Purple,2013,2,01-06-97,Coupe,C4CF9DF2-D1D6-4B8F-BEA3-251848FED8F9
00:00.0,Jaguar,United Kingdom,NULL,39500,25000,750,500,1950,987,Cut'n'Shut,XJ6,Red,2013,3,20-09-06,Saloon,E73299AB-BD12-4933-A831-CCB867BBE7C9
00:00.0,Jaguar,United Kingdom,NULL,110000,37500,750,500,1950,987,Wheels'R'Us,XJ6,Red,2013,4,20-09-06,Saloon,C769C357-1729-4790-9BB7-6F52C7AA4D5A
00:00.0,Jaguar,United Kingdom,NULL,44000,25000,750,500,1950,987,Crippen & Co,XJ6,Red,2013,5,20-09-06,Saloon,7A330E22-9A47-40CF-9249-A3831863E8D5
00:00.0,Jaguar,Switzerland,NULL,39500,37500,500,450,1950,987,Voitures Diplomatiques S.A.,XK,Dark Purple,2013,6,20-09-06,Coupe,59D9B6B2-00BF-4B0F-859C-9DC53A13EDB0
00:00.0,Jaguar,USA,NULL,39500,25000,500,450,1950,750,Rocky Riding,XK,British Racing Green,2013,7,20-09-06,Coupe,454F84C3-50CD-4BA8-9E14-23213301C433
00:00.0,Jaguar,United Kingdom,NULL,39500,12500,500,450,1950,750,Crippen & Co,XK,Black,2013,8,20-09-06,Coupe,862A69B7-DFFA-4D2F-A8A4-659034FE1161
00:00.0,Jaguar,France,NULL,39500,25000,500,500,1950,750,Les Arnaqueurs,XK,Night Blue,2013,9,20-09-06,Saloon,3E106580-BF01-4CD8-A19C-4857E2ABEBE0
00:00.0,Jaguar,United Kingdom,NULL,39500,37500,750,500,1950,750,Wheels'R'Us,XK,Canary Yellow,2013,10,20-09-06,Coupe,37C64D13-099E-48FF-A3EB-507D95A9FEE0
00:00.0,Jaguar,United Kingdom,NULL,39500,25000,750,500,1950,1250,Wheels'R'Us,XK,Silver,2013,11,20-09-06,Saloon,FFAFCDD1-91B2-411C-B7BF-7633E11F4E5F
00:00.0,Jaguar,United Kingdom,NULL,39500,37500,750,500,2570,1250,Cut'n'Shut,XJ6,Green,2013,12,20-09-06,Saloon,FA5705F3-3AF7-479D-B304-352EEEDF9A2B
00:00.0,Bentley,United Kingdom,NULL,39500,25700,750,500,2570,1250,Cut'n'Shut,Continental,Blue,2012,1,20-09-06,Saloon,5C1F30A0-F28B-48DD-B26D-13EC92B6788E
00:00.0,Bentley,United Kingdom,NULL,44000,25700,750,500,2570,1250,Bright Orange,Arnage,Blue,2012,2,20-09-06,Saloon,89E48433-ADBB-4740-8DFB-E2995A98B48B
00:00.0,Bentley,United Kingdom,NULL,44000,25700,750,500,2570,987,Bright Orange,Azure,Red,2012,3,20-09-06,Saloon,41C1117D-5050-4E06-89F8-B912249C35F2
00:00.0,Bentley,United Kingdom,NULL,110000,25700,750,775,2570,1250,Honest John,Turbo R,Red,2012,4,09-05-07,Saloon,21F11BF3-7D13-4B29-8A6F-519469629572
00:00.0,Bentley,United Kingdom,NULL,110000,62000,750,775,2570,987,Honest John,Continental,Canary Yellow,2012,5,09-05-07,Coupe,6D247809-B307-4400-AAD0-AB5CEAECDFC9
00:00.0,Bentley,United Kingdom,NULL,110000,62000,500,775,2570,1250,Aldo Motors,Continental,Dark Purple,2012,6,09-05-07,Convertible,D39B783B-B8DA-4CD0-BEA1-F7C934E85469
00:00.0,Bentley,United Kingdom,NULL,110000,25700,500,775,2570,987,Aldo Motors,Continental,British Racing Green,2012,7,09-05-07,Saloon,1C653021-D166-42AE-B18C-E65690C56E37
00:00.0,Bentley,Switzerland,NULL,110000,25700,500,775,1950,1250,Voitures Diplomatiques S.A.,Azure,Black,2012,8,09-05-07,Saloon,4FDB9D51-95D5-471C-892E-1CCB972EC811
00:00.0,Bentley,USA,NULL,44000,25700,500,775,1950,987,Rocky Riding,Turbo R,Silver,2012,9,09-05-07,Saloon,876F8F73-BF6B-496B-A022-9DA0D622DBC6
00:00.0,Bentley,France,NULL,110000,62000,500,500,1950,1250,Les Arnaqueurs,Continental,Canary Yellow,2012,10,09-05-07,Saloon,605A276C-B403-4A6A-AC95-55093368A316
00:00.0,Bentley,United Kingdom,NULL,44000,62000,500,450,1950,987,Aldo Motors,Continental,Canary Yellow,2012,11,09-05-07,Coupe,7C1BD830-524C-4B84-8036-32F84DC89C70
00:00.0,Bentley,United Kingdom,NULL,44000,62000,500,450,1950,987,Honest John,Continental,Night Blue,2012,12,09-05-07,Saloon,F297C073-09FB-4BDE-810A-A3F12137378A
00:00.0,Bentley,United Kingdom,NULL,110000,25700,500,450,1950,1250,Bright Orange,Continental,Night Blue,2013,1,09-05-07,Saloon,3B94E206-44CD-49C8-AA4F-F6541B26DC85
00:00.0,Bentley,United Kingdom,NULL,110000,25700,500,500,1950,750,Cut'n'Shut,Continental,Green,2013,2,09-05-07,Coupe,CF1DD826-C7F9-4E11-8E56-35C074CEE57A
00:00.0,Bentley,United Kingdom,NULL,41250,25700,500,775,1950,750,Wheels'R'Us,Azure,Blue,2013,3,09-05-07,Saloon,5A3DE169-4DDE-4E5D-8110-80C7207289DA
00:00.0,Bentley,France,NULL,110000,25700,500,775,1950,750,Les Arnaqueurs,Turbo R,Red,2013,4,09-05-07,Saloon,9C4F7810-8B87-4D91-B73F-817354FCE5F5
00:00.0,Bentley,United Kingdom,NULL,39500,62000,500,775,1950,750,Crippen & Co,Turbo R,Red,2013,5,09-05-07,Saloon,3581958A-F3F5-4F21-8EB0-F7A30748715D
00:00.0,Bentley,USA,NULL,39500,62000,500,500,1950,486,Rocky Riding,Continental,Red,2013,6,09-05-07,Convertible,F481DD95-1694-4BBC-BFAC-76002D88CEF2
00:00.0,Bentley,United Kingdom,NULL,39500,25700,500,500,1950,486,Aldo Motors,Continental,Dark Purple,2013,7,20-09-06,Convertible,CD3F6EA7-8ED7-4310-A409-6B9B6FFE8FDB
00:00.0,Bentley,United Kingdom,NULL,41250,62000,500,775,2570,486,Honest John,Continental,Dark Purple,2013,8,20-09-06,Coupe,3B73491E-5F35-48CC-8298-C40A236E05E2
00:00.0,Bentley,France,NULL,39500,62000,1250,450,2570,486,Les Arnaqueurs,Continental,British Racing Green,2013,9,20-09-06,Saloon,F636F5F0-BF2A-4231-8FC5-F61DD393BBA6
00:00.0,Bentley,United Kingdom,NULL,44000,62000,1000,450,2570,486,Wheels'R'Us,Continental,Black,2013,10,20-09-06,Saloon,397E10B4-C516-4566-BA41-B262B8BA0A1C
00:00.0,Bentley,United Kingdom,NULL,44000,25700,1000,450,2570,486,Honest John,Azure,Night Blue,2013,11,20-09-06,Saloon,7FFA28C2-5AD6-48B1-A131-4EB6DF68D77B
00:00.0,Bentley,United Kingdom,NULL,44000,25700,1000,450,2570,486,Aldo Motors,Turbo R,Canary Yellow,2013,12,20-09-06,Convertible,7159FF02-BC41-4AA8-B5C8-6BD3BE7F2DB7
00:00.0,Jaguar,Spain,NULL,29750,37500,150,50,400,486,Costa Del Speed,XK,Red,2013,1,09-05-07,Coupe,BCE0B7E4-115D-487F-B560-615F8A1E82D9
00:00.0,TVR,Germany,NULL,41250,37500,150,50,400,325,Karz,Tuscan,Blue,2013,2,20-09-06,Coupe,C284549A-7887-44FD-A5CA-6A6C763A1EBA
00:00.0,Jaguar,Spain,NULL,39500,37500,150,50,400,325,Costa Del Speed,XK,Green,2013,3,09-05-07,Saloon,2980AB83-5BBB-4D4B-8A9B-8D8512691F12
00:00.0,TVR,Germany,NULL,29750,37500,150,50,400,325,Karz,Cerbera,Silver,2013,4,20-09-06,Coupe,865902A9-7782-4FFB-9716-E9D4F142A98F
00:00.0,Jaguar,Switzerland,NULL,120000,37500,150,50,400,325,Voitures Diplomatiques S.A.,XK,Canary Yellow,2013,5,09-05-07,Convertible,B9A0DF28-6393-47C0-BAB5-99C2406DDBE1
00:00.0,TVR,USA,NULL,29750,37500,150,50,400,325,Rocky Riding,Tuscan,Night Blue,2013,6,20-09-06,Coupe,396EEB43-DC76-4ECE-8666-75DB60457D99
00:00.0,Jaguar,United Kingdom,NULL,41250,37500,150,50,400,325,Honest John,XK,Canary Yellow,2013,7,20-09-06,Saloon,B5FBD2E8-9268-4E0E-810D-EFC9DACC17CB
00:00.0,TVR,France,NULL,29750,37500,150,50,400,325,Les Arnaqueurs,Cerbera,Silver,2013,8,20-09-06,Coupe,9E31A8B0-8DE3-4D1E-88FB-8A47B7470009
00:00.0,Jaguar,United Kingdom,NULL,39500,37500,150,50,400,325,Wheels'R'Us,XK,Green,2013,9,20-09-06,Saloon,ACE8BA84-200B-4EC9-9921-476590FD399F
00:00.0,TVR,USA,NULL,41250,37500,150,50,400,325,Rocky Riding,Tuscan,Blue,2013,10,09-05-07,Coupe,C555F5E9-A620-4F0D-BB34-9BBA40A28EB6
00:00.0,TVR,United Kingdom,NULL,29750,37500,150,50,400,325,Wheels'R'Us,Cerbera,Silver,2013,11,20-09-06,Coupe,2C1C7B34-864E-4A9A-AE92-09F6A377D0CF
00:00.0,Jaguar,United Kingdom,NULL,41250,37500,150,50,400,325,Bright Orange,XJ6,Blue,2013,12,20-09-06,Saloon,FAE956A1-F3C7-4329-A381-D38CD4777246
00:00.0,Jaguar,United Kingdom,NULL,39500,25700,150,50,250,250,Olde Englande,XJ6,Dark Purple,2013,1,20-09-06,Saloon,C299F6A2-17DC-42A3-B837-E43B0049C304
00:00.0,Jaguar,United Kingdom,NULL,39500,25700,150,50,250,250,Impressive Wheels,XJ6,British Racing Green,2013,2,20-09-05,Saloon,8752EFD1-ACD2-4C6A-B650-0DC74BFD263C
00:00.0,Jaguar,United Kingdom,NULL,39500,25700,150,50,250,250,Olde Englande,XJ6,Black,2013,3,20-09-05,Saloon,651A333B-DA3E-4944-A379-E4E2FDFA891C
00:00.0,Jaguar,United Kingdom,NULL,39500,62000,150,50,400,250,Smooth Riders,XK,Night Blue,2013,4,20-09-05,Coupe,E19A5687-7ECE-4E53-B47E-147CD4ADFF15
00:00.0,Jaguar,United Kingdom,NULL,41250,62000,150,50,400,250,Luxury Rentals,XK,Canary Yellow,2013,5,20-09-05,Saloon,FC1C866B-C178-413B-8A0E-882862974CBF
00:00.0,Jaguar,United Kingdom,NULL,41250,25700,150,50,250,250,Premium Motor Vehicles,XJ6,Canary Yellow,2013,6,20-09-05,Saloon,5DBA2DBB-D0D0-4F99-A62B-3675D1444546
00:00.0,Jaguar,United Kingdom,NULL,39500,25700,150,50,250,250,Luxury Rentals,XJ6,Silver,2013,7,20-09-05,Saloon,7CDAD61A-4EE9-4622-947F-BD253A2A588F
00:00.0,Jaguar,United Kingdom,NULL,39500,25700,150,50,250,250,Aldo Motors,XK,Silver,2013,8,20-09-05,Coupe,67EE3E17-0432-4CC0-9BC8-62AB47D9CBD9
00:00.0,Jaguar,United Kingdom,NULL,39500,62000,150,50,250,250,Honest John,XK,Silver,2013,9,20-09-05,Coupe,5137D59A-DA09-4A3B-BCD6-747921A844B3
00:00.0,Jaguar,United Kingdom,NULL,39500,25700,150,50,250,250,Honest John,XJ6,Silver,2013,10,20-09-05,Saloon,B02D0457-277A-4AAA-A4DA-66AB79F7F570
00:00.0,Jaguar,United Kingdom,NULL,41250,62000,150,50,400,250,Bright Orange,XK,Blue,2013,11,20-09-05,Saloon,9F2C709E-CECC-4141-8DCA-C2FC5CFB3B7D
00:00.0,Jaguar,United Kingdom,NULL,41250,62000,150,50,400,250,Cut'n'Shut,XK,Blue,2013,12,20-09-05,Saloon,8AC5C89B-C5F7-4227-BCBF-9507801831F4
00:00.0,MGB,United Kingdom,NULL,39500,4500,150,50,400,325,Wheels'R'Us,GT,Green,2013,1,20-09-05,Coupe,92BB975F-1223-4131-BF48-4F402261BA0F
00:00.0,MGB,United Kingdom,NULL,39500,8500,150,50,250,325,Olde Englande,GT,Green,2013,2,20-09-74,Convertible,B7EB96BD-62CE-4BCE-8828-610229EB26F2
00:00.0,MGB,United Kingdom,NULL,25250,4500,150,50,250,325,Wheels'R'Us,GT,Red,2013,3,20-09-74,Coupe,77E4444F-E91E-4E7C-9324-E448339F848B
00:00.0,MGB,United Kingdom,NULL,22500,8500,150,50,250,325,Wheels'R'Us,GT,Red,2013,4,20-09-76,Coupe,C1F886B9-6908-4780-82C2-B40ED307CA9F
00:00.0,MGB,United Kingdom,NULL,22500,4500,150,50,250,325,Cut'n'Shut,GT,Red,2013,5,20-09-76,Convertible,60CD0843-02FF-4BB5-8346-BA030DB5B830
00:00.0,MGB,United Kingdom,NULL,22500,8500,150,50,250,325,Cut'n'Shut,GT,Red,2013,6,20-09-74,Coupe,684718A8-C01B-42B4-BA30-546C5001DF0C
00:00.0,MGB,United Kingdom,NULL,25250,4500,150,50,400,325,Bright Orange,GT,Blue,2013,7,20-09-74,Coupe,12AFCC59-3EA3-423C-A56C-F1720C4D4493
00:00.0,MGB,United Kingdom,NULL,22500,8500,150,50,400,325,Honest John,GT,Green,2013,8,20-09-74,Coupe,E7AF61FD-BB13-4D57-A554-693D38260148
00:00.0,MGB,United Kingdom,NULL,25250,4500,150,50,250,325,Aldo Motors,GT,Silver,2013,9,20-09-74,Convertible,20E1FF68-E9BB-43FE-95D2-AB80B35216A4
00:00.0,MGB,United Kingdom,NULL,22500,8500,150,50,400,325,Honest John,GT,Canary Yellow,2013,10,20-09-76,Coupe,058BE5CF-12DA-461C-9F06-85064446428F
00:00.0,MGB,United Kingdom,NULL,25250,4500,150,50,400,325,Bright Orange,GT,Night Blue,2013,11,20-09-76,Coupe,614306A4-5691-4CFF-AB6B-D292AC244D36
00:00.0,MGB,United Kingdom,NULL,22500,4500,150,50,250,325,Aldo Motors,GT,British Racing Green,2013,12,20-09-76,Coupe,7B98A98B-C561-4CAE-AC04-34C03D294358
00:00.0,Triumph,United Kingdom,NULL,22500,8500,150,50,250,325,Luxury Rentals,TR4,Black,2013,1,20-09-74,Coupe,5B4A90E9-51E4-4B4B-BBDF-E52AEE7CCB3F
00:00.0,Triumph,United Kingdom,NULL,25250,17000,150,50,250,325,Smooth Riders,TR5,Dark Purple,2013,2,20-09-74,Coupe,80464E2B-55B5-448F-9605-0E69A4A4CE83
00:00.0,Triumph,United Kingdom,NULL,22500,8500,150,50,400,325,Honest John,TR7,British Racing Green,2013,3,20-09-78,Coupe,F7131994-57EE-42F2-A5DC-54E520AD0D1E
00:00.0,Triumph,United Kingdom,NULL,22500,17000,150,50,400,325,Impressive Wheels,TR4,Night Blue,2013,4,20-09-76,Coupe,C1BF5233-1F55-4872-B3C5-EBD309E14FE0
00:00.0,Triumph,United Kingdom,NULL,22500,8500,150,50,400,325,Bright Orange,TR4,Canary Yellow,2013,5,20-09-76,Coupe,CA859D0B-4B26-48C0-80C6-A7416D1F51BE
00:00.0,Triumph,Spain,NULL,22500,17000,150,50,250,325,Costa Del Speed,TR5,Canary Yellow,2013,6,20-09-76,Coupe,6C346A89-610B-483F-8D25-E0CECC0850D4
00:00.0,Triumph,United Kingdom,NULL,25250,17000,150,50,400,325,Cut'n'Shut,TR5,Blue,2013,7,20-09-74,Coupe,8FC76E1E-8667-44A9-9C96-9C7912B6340F
00:00.0,Triumph,United Kingdom,NULL,22500,17000,150,50,50,325,Wheels'R'Us,TR4,Blue,2013,8,20-09-74,Coupe,47B85C1A-44CB-41F5-9DC3-77E81AC28FE9
00:00.0,Triumph,United Kingdom,NULL,25250,17000,150,50,400,325,Olde Englande,TR4,Red,2013,9,20-09-74,Coupe,E17FFB1D-F36A-4665-82F2-2A9D59D33FFD
00:00.0,Triumph,United Kingdom,NULL,25250,17000,150,50,50,325,Impressive Wheels,TR7,Red,2013,10,20-09-78,Coupe,44820EB9-661F-4C31-B30E-72BC6D6084DE
00:00.0,Triumph,United Kingdom,NULL,25250,17000,150,50,75,325,Cut'n'Shut,TR4,Green,2013,11,20-09-74,Coupe,A96A899A-B4FE-47BB-822C-E4DCC45F4278
00:00.0,Triumph,United Kingdom,NULL,25250,17000,150,50,150,450,Bright Orange,TR5,Silver,2013,12,20-09-05,Coupe,A53C046D-FA1C-4B4D-8AA8-CB588F53F3B9
00:00.0,Aston Martin,France,NULL,74500,31125,500,975,895,1250,Chateau Moi,DB7,Red,2013,1,05-04-07,Convertible,311AA133-E929-47E6-9EB9-C39987FD01A5
00:00.0,Aston Martin,France,NULL,69250,17500,1250,975,750,1250,Vive la Vitesse!,DB7,Blue,2013,1,05-04-05,Coupe,6D5EC6A1-547E-4821-9735-EF276C075D6B
00:00.0,Aston Martin,France,NULL,22750,22500,500,975,895,950,Carosse Des Papes,Vantage,Green,2013,2,05-04-07,Coupe,78273430-FD2E-4E06-847C-6E3B1165FDD7
00:00.0,Aston Martin,Switzerland,NULL,37000,17500,1000,975,895,1250,Three Country Cars,Vantage,Silver,2013,3,05-04-07,Convertible,1724CF9B-8103-4369-B246-324ED51CDFFD
00:00.0,Rolls Royce,Switzerland,NULL,74500,31125,750,975,895,1250,Jungfrau,Camargue,Canary Yellow,2013,3,05-04-03,Coupe,144FB986-F9E1-4BD0-89F2-D69E1394DDC9
00:00.0,Aston Martin,France,NULL,45800,17500,1000,975,500,950,Chateau Moi,DB7,Night Blue,2013,3,05-04-05,Coupe,E027A469-FDDE-4D3E-B8A8-238F18645E21
00:00.0,Rolls Royce,France,NULL,22750,22500,2500,350,895,1250,Vive la Vitesse!,Camargue,Black,2013,4,05-04-07,Saloon,A454608F-9975-4DEA-B9F4-BCBE8CD86985
00:00.0,Aston Martin,France,NULL,45800,17500,1250,350,500,1250,Carosse Des Papes,Vantage,Red,2013,4,05-04-07,Coupe,C41A9EFE-E0AB-4C13-BAAD-ADD268CA40A4
00:00.0,Aston Martin,Switzerland,NULL,37000,17500,1000,350,895,1250,Three Country Cars,DB7,Blue,2013,5,05-04-07,Convertible,0A0283AC-6950-4A9E-95F9-2F3AD6083657
00:00.0,Aston Martin,Switzerland,NULL,45800,17500,500,975,750,1250,Jungfrau,Vantage,Green,2013,5,05-04-07,Coupe,DEBD3964-B01C-416C-AD70-2D2898CABD38
00:00.0,Aston Martin,France,NULL,37690,22500,1000,975,895,950,Chateau Moi,DB7,Silver,2013,5,05-04-09,Convertible,E3EBBF63-ABF3-4A0D-87A1-8105FAFA96D2
00:00.0,Aston Martin,France,NULL,74500,17500,2500,975,500,1250,Vive la Vitesse!,Vantage,Canary Yellow,2013,6,05-04-07,Coupe,A3CC4CA4-9AE1-472C-8C38-7127C38BCE9E
00:00.0,Rolls Royce,France,NULL,45800,17500,1250,975,895,1250,Carosse Des Papes,Camargue,Night Blue,2013,7,05-04-10,Saloon,B2B8A324-C314-413B-AA67-C16DB117869C
00:00.0,Aston Martin,Switzerland,NULL,37000,22500,1000,275,500,1250,Three Country Cars,DB7,Black,2013,7,05-04-07,Coupe,1D54E7EB-71B2-4120-8C0A-D42067CA6410
00:00.0,Aston Martin,Switzerland,NULL,37690,17500,1250,275,500,1250,Jungfrau,DB9,Red,2013,9,05-04-03,Coupe,B4946B66-C622-4E4E-B97F-B1843C0E4E36
00:00.0,Rolls Royce,Switzerland,NULL,69250,17500,500,275,895,950,Jungfrau,Camargue,Blue,2013,10,05-04-07,Saloon,2E9F0A8B-A970-4348-A424-F031AD4A1183
00:00.0,Aston Martin,France,NULL,37690,31125,1000,975,895,1250,Vive la Vitesse!,DB9,Green,2013,11,05-04-07,Coupe,B9738540-3387-46C6-9632-D7A4F37AAE86
00:00.0,Aston Martin,Switzerland,NULL,74500,17500,750,975,750,1250,Jungfrau,DB7,Silver,2013,11,05-04-03,Coupe,68511F9F-9C12-4085-8D80-6627674F3F3F
00:00.0,Aston Martin,France,NULL,37690,17500,500,975,895,1250,Carosse Des Papes,DB9,Canary Yellow,2013,11,05-04-01,Convertible,4D4E5593-7DAA-4FFF-A493-2FF65C4625A1
00:00.0,Rolls Royce,United Kingdom,NULL,97750,55000,550,725,500,750,Aldo Motors,Camargue,Silver,2014,10,08-01-85,Saloon,EEA0564E-985F-4DDF-9928-9DF9B3FA2EC0
00:00.0,Aston Martin,United Kingdom,NULL,122750,80000,50,1475,600,550,Honest John,DBS,Blue,2014,1,09-05-07,Coupe,A98E92AE-9623-4606-9665-D00866DA877A
00:00.0,Rolls Royce,United Kingdom,NULL,90750,80000,800,975,750,550,Bright Orange,Silver Ghost,Green,2014,2,08-09-06,Saloon,B2F55654-2FC2-49D5-80D8-27439BE9890C
00:00.0,Rolls Royce,United Kingdom,NULL,91750,93000,50,975,85,550,Honest John,Silver Ghost,Blue,2014,3,05-01-87,Saloon,5E2BCC2F-4044-449F-8824-FFF812EA3BFE
00:00.0,Rolls Royce,United Kingdom,NULL,94750,67000,50,1475,2500,550,Wheels'R'Us,Camargue,Silver,2014,4,08-01-85,Saloon,D7B2F76B-6B74-4252-A5A0-A07D0C96B630
00:00.0,Rolls Royce,United Kingdom,NULL,105250,130000,50,975,4000,550,Cut'n'Shut,Camargue,British Racing Green,2014,5,06-05-86,Saloon,49CD29CD-9D4A-4637-9103-8BB1FBF7B5E2
00:00.0,Aston Martin,United Kingdom,NULL,112750,61000,800,475,900,550,Bright Orange,DBS,Dark Purple,2014,6,09-08-91,Coupe,F180BFB6-F100-4508-908A-948600DD1735
00:00.0,Aston Martin,France,NULL,127750,28500,2550,975,900,550,Les Arnaqueurs,DB7,Red,2014,7,08-05-92,Coupe,7A48D828-795B-49DE-AD0E-8CA679EF3642
00:00.0,Aston Martin,United Kingdom,NULL,132750,20500,50,975,900,750,Aldo Motors,DB9,Blue,2014,8,08-09-05,Coupe,7F72639D-CAB0-4D99-8A76-5371AB487D5A
00:00.0,Aston Martin,United Kingdom,NULL,77750,80890,50,975,750,750,Aldo Motors,DB9,Silver,2014,9,08-05-93,Coupe,DC912AA2-2F05-46C4-B330-428B49C50A4F
00:00.0,Aston Martin,France,NULL,71250,104000,50,1475,750,750,Les Arnaqueurs,DB4,Night Blue,2014,11,06-05-75,Coupe,DE422C96-B725-42A0-8219-0520376C35E2
00:00.0,Aston Martin,United Kingdom,NULL,97750,130000,50,1475,750,750,Wheels'R'Us,Vantage,Canary Yellow,2014,11,15-01-85,Coupe,ECBD4A79-6E5A-41DA-9B18-3E0E88352301
00:00.0,Aston Martin,United Kingdom,NULL,157750,130000,5050,1475,600,750,Bright Orange,Vanquish,Silver,2014,12,29-03-79,Coupe,3FF3174D-17CD-46A6-864E-1ED25903CAB7
00:00.0,Aston Martin,United Kingdom,NULL,97750,160000,50,1475,600,570,Cut'n'Shut,Rapide,Black,2014,12,08-09-04,Coupe,50ED522E-4C09-4EA6-A38E-B53EB810FF28
00:00.0,Aston Martin,France,NULL,181250,130000,50,1725,600,570,Les Arnaqueurs,Zagato,British Racing Green,2015,1,04-06-94,Coupe,79203209-7C00-4161-918E-9BCC9BC0D6E1
00:00.0,Rolls Royce,United Kingdom,NULL,132750,67000,50,1725,600,570,Wheels'R'Us,Silver Ghost,Silver,2015,2,08-09-06,Saloon,C8BE0F19-9213-4CA4-9437-8B04F4045241
00:00.0,Rolls Royce,United Kingdom,NULL,181250,67000,50,965,600,654,Cut'n'Shut,Wraith,Silver,2015,3,01-09-00,Saloon,281C5FDB-4059-44EB-98C6-B14BA525B02D
00:00.0,Rolls Royce,United Kingdom,NULL,112750,80890,50,475,600,987,Bright Orange,Silver Ghost,Green,2015,4,10-05-97,Saloon,A593F4E4-6896-4E3F-AF79-8893570B664D
00:00.0,Rolls Royce,United Kingdom,NULL,132750,67000,1000,1725,600,654,Honest John,Camargue,Black,2015,5,01-09-01,Saloon,7D326B72-AE3A-4CB0-BC91-755F41FF36FB
00:00.0,Rolls Royce,United Kingdom,NULL,181250,80890,50,1725,450,321,Aldo Motors,Silver Shadow,Red,2015,6,08-06-05,Saloon,060D5372-25A5-4BF8-9C09-7A584D0D15D6
00:00.0,Rolls Royce,United Kingdom,NULL,112750,67000,1800,475,400,951,Aldo Motors,Silver Seraph,Red,2015,7,01-01-99,Saloon,FA2F9AC6-6B92-4CA5-802F-49741C005228
00:00.0,Rolls Royce,United Kingdom,NULL,105250,67000,50,975,400,987,Honest John,Silver Ghost,Black,2015,8,05-05-01,Saloon,CF0E6787-B142-4F47-A5B5-39851CA27D5C
00:00.0,Rolls Royce,United Kingdom,NULL,132750,67000,50,425,400,750,Bright Orange,Silver Shadow,British Racing Green,2015,9,08-01-85,Saloon,2258F436-7E4E-4E86-9C0E-661095D3D3A5
00:00.0,Rolls Royce,United Kingdom,NULL,181250,80890,50,1725,200,654,Wheels'R'Us,Camargue,Dark Purple,2015,10,04-05-06,Saloon,A377536F-D480-4D3F-9332-C2582419E95D
00:00.0,Rolls Royce,United Kingdom,NULL,181250,80890,800,1725,200,987,Cut'n'Shut,Silver Seraph,Black,2015,11,01-06-97,Saloon,B26FC002-1229-45FA-AB18-1D4E36AA1001
00:00.0,Rolls Royce,United Kingdom,NULL,132750,80890,50,1725,300,321,Wheels'R'Us,Silver Ghost,Red,2015,12,01-06-97,Saloon,8433F897-7A51-4427-AA46-3EAA7C1AC402
00:00.0,Rolls Royce,United Kingdom,NULL,181250,67000,50,475,300,654,Wheels'R'Us,Phantom,British Racing Green,2015,1,25-05-07,Saloon,2B02D71B-5F7F-4B6B-9B90-6DA7E8AA07D9
00:00.0,Aston Martin,United Kingdom,NULL,181250,80890,50,475,500,987,Cut'n'Shut,DB9,Dark Purple,2015,2,01-06-97,Coupe,287F30C9-08AF-4282-8E00-4293AD0CBDD1
00:00.0,Aston Martin,United Kingdom,NULL,112750,80890,50,475,600,963,Cut'n'Shut,DB4,Black,2015,3,31-01-99,Coupe,CF6B7B07-7D24-4C90-8121-80963628A89B
00:00.0,Aston Martin,United Kingdom,NULL,181250,80890,50,50,500,852,Bright Orange,DB9,Black,2015,4,04-05-06,Coupe,CE5CE4D4-09D0-43FF-8D41-BD688323CCA6
00:00.0,Aston Martin,United Kingdom,NULL,112750,80890,50.01,475,400,147,Bright Orange,DB4,Night Blue,2015,5,08-09-06,Coupe,50117989-F659-4B09-BA3C-6E6578F7E26A
00:00.0,Aston Martin,United Kingdom,NULL,105250,80890,800,425,800,852,Honest John,DB4,Canary Yellow,2015,6,04-05-06,Coupe,870399E7-9CB8-4336-A7B2-6FAF960BE032
00:00.0,Aston Martin,United Kingdom,NULL,181250,67000,1050,425,750,654,Aldo Motors,Vanquish,Silver,2015,7,08-05-98,Coupe,615E5F28-4CC6-4A01-8980-3D93FBDF9A28
00:00.0,Aston Martin,United Kingdom,NULL,127250,67000,1300,425,850,984,Aldo Motors,Vanquish,Green,2015,8,01-06-97,Coupe,02340FA7-74C9-4684-B340-197CD2D4ED68
00:00.0,Aston Martin,United Kingdom,NULL,132750,67000,50,75,950,895,Honest John,DB9,Canary Yellow,2015,9,09-05-07,Coupe,6FD1149C-88A6-4CAA-A60D-F2D909653D93
00:00.0,Aston Martin,United Kingdom,NULL,112750,67000,50,425,1500,486,Bright Orange,DB9,Blue,2015,10,02-02-02,Coupe,43927208-A3B0-4E72-B21C-0AFCA6D1AC4F
00:00.0,Aston Martin,United Kingdom,NULL,181250,67000,50,1725,1400,325,Wheels'R'Us,Vanquish,Red,2015,11,01-09-01,Coupe,A192F21E-BF23-4894-B73D-48A7ED3C7F3F
00:00.0,Aston Martin,United Kingdom,NULL,132750,130000,50,1725,1560,658,Cut'n'Shut,Rapide,Red,2015,12,20-09-06,Coupe,8D686183-0820-4D02-AFFB-63D2711B768B
00:00.0,Aston Martin,USA,NULL,112750,130000,550,425,1950,752,Rocky Riding,Vanquish,Red,2014,1,01-09-01,Coupe,13AC5403-D0EE-4272-A4DD-13AEE32B4AE7
00:00.0,Jaguar,USA,NULL,46750,30000,550,425,1950,486,Rocky Riding,XK,Dark Purple,2014,2,01-09-00,Coupe,994F4127-FAB5-410E-BA6F-790C54D81944
00:00.0,Jaguar,Switzerland,NULL,47750,42500,550,75,1950,486,Voitures Diplomatiques S.A.,XJ6,British Racing Green,2014,3,01-09-00,Saloon,D58C3843-C4F8-49F1-8E49-A01F56442DBE
00:00.0,Jaguar,France,NULL,42250,30000,550,475,1950,486,Les Arnaqueurs,XJ12,Black,2014,4,01-09-00,Saloon,5273FF25-EFC7-4A58-9CEA-9CFFE2BD047C
00:00.0,Jaguar,United Kingdom,NULL,46750,42500,550,475,1950,486,Bright Orange,XK,Canary Yellow,2014,5,01-09-00,Coupe,6CEC03EC-DDBE-4DC0-AAE7-3161DBF296B8
00:00.0,Jaguar,United Kingdom,NULL,46750,30000,550,475,1950,486,Honest John,XJ12,Canary Yellow,2014,6,01-09-00,Saloon,0CB3AFF2-BBDA-4267-889D-7077F9C746BE
00:00.0,Jaguar,United Kingdom,NULL,42250,42500,550,1725,1950,486,Wheels'R'Us,XK,Canary Yellow,2014,7,01-09-00,Coupe,C09BA8CA-A3BE-4DBD-B5A5-AAD73F346A1E
00:00.0,Jaguar,United Kingdom,NULL,46750,30000,800,475,1950,486,Cut'n'Shut,XK,Green,2014,8,01-09-00,Coupe,CB2DBD9A-4AFC-46AC-A7DE-9D35FB74626B
00:00.0,Jaguar,USA,NULL,112750,55000,800,1725,2570,486,Rocky Riding,XJ12,Blue,2014,9,01-06-97,Saloon,9A778E61-3ED5-4D05-8494-171CC7FE8DA2
00:00.0,Jaguar,Switzerland,NULL,112750,30000,800,1725,2570,987,Voitures Diplomatiques S.A.,XJ12,Canary Yellow,2014,10,01-06-97,Saloon,383E7A21-9FD1-4872-9368-16D1CC8F2B2E
00:00.0,Jaguar,United Kingdom,NULL,46750,42500,50,475,2570,987,Aldo Motors,XJ6,British Racing Green,2014,11,01-06-97,Saloon,DCD04513-AC8A-4227-918D-78C1AAC7B920
00:00.0,Jaguar,United Kingdom,NULL,42250,30000,50,475,2570,987,Aldo Motors,XK,Dark Purple,2014,12,01-06-97,Coupe,AABC7FDB-29CA-4CE9-948A-C365D177ACA7
00:00.0,Jaguar,United Kingdom,NULL,46750,42500,50,1725,2570,987,Honest John,XK,Canary Yellow,2015,1,01-06-97,Coupe,B1A54C1B-9818-405D-A74F-D391E4DBA1C1
00:00.0,Jaguar,United Kingdom,NULL,46750,30000,50,475,1950,987,Bright Orange,XK,British Racing Green,2015,2,01-06-97,Coupe,FD784A6D-387C-4EA2-90C3-0B0BD26788F6
00:00.0,Jaguar,United Kingdom,NULL,46750,42500,800,475,1950,987,Cut'n'Shut,XK,Dark Purple,2015,3,01-06-97,Coupe,B7299EAA-6921-47D2-9306-F130DAF00208
00:00.0,Jaguar,United Kingdom,NULL,42250,30000,800,475,1950,987,Wheels'R'Us,XJ6,Red,2015,4,20-09-06,Saloon,9AC4932F-F630-4245-9814-F902D35D3E28
00:00.0,Jaguar,United Kingdom,NULL,112750,42500,800,475,1950,987,Crippen & Co,XJ6,Red,2015,5,20-09-06,Saloon,FFAE805E-43B3-4B35-8ED5-06753351FF08
00:00.0,Jaguar,Switzerland,NULL,46750,30000,550,425,1950,987,Voitures Diplomatiques S.A.,XJ6,Red,2015,6,20-09-06,Saloon,A12CAAB5-D008-475F-8BE6-FB8541077EBC
00:00.0,Jaguar,USA,NULL,42250,42500,550,425,1950,987,Rocky Riding,XK,Dark Purple,2015,7,20-09-06,Coupe,7FA17E80-FC66-465E-839E-80651DC88398
00:00.0,Jaguar,United Kingdom,NULL,42250,30000,550,425,1950,750,Crippen & Co,XK,British Racing Green,2015,8,20-09-06,Coupe,AFCE8828-C9DA-4A4E-9783-1B8F9660F6A9
00:00.0,Jaguar,France,NULL,42250,17500,550,475,1950,750,Les Arnaqueurs,XK,Black,2015,9,20-09-06,Coupe,064F3E61-A9DC-470B-A3A6-9859C31D321B
00:00.0,Jaguar,United Kingdom,NULL,42250,30000,800,475,1950,750,Wheels'R'Us,XK,Canary Yellow,2015,10,20-09-06,Saloon,2B62E351-1254-40B4-9159-63834D64C36F
00:00.0,Jaguar,United Kingdom,NULL,42250,42500,800,475,1950,750,Wheels'R'Us,XK,Canary Yellow,2015,11,20-09-06,Coupe,8A7E95D5-DB98-4D87-93DD-82A566A95CBE
00:00.0,Jaguar,United Kingdom,NULL,42250,30000,800,475,1950,1250,Cut'n'Shut,XK,Silver,2015,12,20-09-06,Saloon,06F62464-D4BB-4E8C-9AD1-3576AF7D93B9
00:00.0,Jaguar,United Kingdom,NULL,42250,42500,800,475,2570,1250,Cut'n'Shut,XJ6,Green,2014,1,20-09-06,Saloon,EA7D7053-2DAA-414F-833F-9BEC975E122C
00:00.0,Bentley,United Kingdom,NULL,42250,30700,800,475,2570,1250,Bright Orange,Continental,Blue,2014,2,20-09-06,Saloon,70907F7F-00DD-482D-AD35-4256A4FD228E
00:00.0,Bentley,United Kingdom,NULL,46750,30700,800,475,2570,1250,Bright Orange,Arnage,Canary Yellow,2014,3,20-09-06,Saloon,918CD4E8-63F8-4C41-9FD2-8688ADE274D2
00:00.0,Bentley,United Kingdom,NULL,46750,30700,800,750,2570,987,Honest John,Azure,Red,2014,4,20-09-06,Saloon,1E27C6DC-42DC-41EC-8E51-D563216FEF40
00:00.0,Bentley,United Kingdom,NULL,112750,30700,800,750,2570,1250,Honest John,Turbo R,Red,2014,5,09-05-07,Saloon,6CB162BE-B6B4-47A1-99F4-01FB8B1B2460
00:00.0,Bentley,United Kingdom,NULL,112750,67000,550,750,2570,987,Aldo Motors,Continental,Canary Yellow,2014,6,09-05-07,Coupe,0EF71F42-026F-4F46-B1E8-6838CD2A4891
00:00.0,Bentley,United Kingdom,NULL,112750,67000,550,750,2570,1250,Aldo Motors,Continental,Canary Yellow,2014,7,09-05-07,Convertible,C2993DAC-C134-4173-A079-783D86D68208
00:00.0,Bentley,Switzerland,NULL,112750,30700,550,750,2570,987,Voitures Diplomatiques S.A.,Continental,British Racing Green,2014,8,09-05-07,Saloon,4A11F947-E46D-4E1B-9E4C-8A8E97021641
00:00.0,Bentley,USA,NULL,112750,30700,550,750,1950,1250,Rocky Riding,Azure,Black,2014,9,09-05-07,Saloon,CEF382D0-2F38-432B-9C49-2FD2FF7412FA
00:00.0,Bentley,France,NULL,46750,30700,550,475,1950,987,Les Arnaqueurs,Turbo R,Silver,2014,10,09-05-07,Saloon,0A07EB61-9E26-4EB9-95C9-48B7CCFD8462
00:00.0,Bentley,United Kingdom,NULL,112750,67000,550,425,1950,1250,Aldo Motors,Continental,Canary Yellow,2014,11,09-05-07,Saloon,839EA745-F223-4CD0-AE70-F4D22688C30E
00:00.0,Bentley,United Kingdom,NULL,46750,67000,550,425,1950,987,Honest John,Continental,Canary Yellow,2014,12,09-05-07,Coupe,A1672057-DBAC-4768-A81C-2814EDA48C3D
00:00.0,Bentley,United Kingdom,NULL,46750,67000,550,425,1950,987,Bright Orange,Continental,Night Blue,2015,1,09-05-07,Saloon,9865ABE0-37A5-4CD7-AAD6-4817BC252624
00:00.0,Bentley,United Kingdom,NULL,112750,30700,550,475,1950,1250,Cut'n'Shut,Continental,Night Blue,2015,2,09-05-07,Saloon,34D3D4FC-70F7-4870-9815-D0F1DD88FC49
00:00.0,Bentley,United Kingdom,NULL,112750,30700,550,750,1950,750,Wheels'R'Us,Continental,Green,2015,3,09-05-07,Coupe,02145A9D-0ADF-4481-B925-63F44A305A55
00:00.0,Bentley,France,NULL,44000,30700,550,750,1950,750,Les Arnaqueurs,Azure,Blue,2015,4,09-05-07,Saloon,0BD18246-A95B-4817-A7F2-537F17A9C443
00:00.0,Bentley,United Kingdom,NULL,112750,30700,550,750,1950,750,Crippen & Co,Turbo R,Red,2015,5,09-05-07,Saloon,3CC94853-8794-46CE-8D41-B9C45C1B4AC5
00:00.0,Bentley,USA,NULL,42250,67000,550,475,1950,750,Rocky Riding,Turbo R,Red,2015,6,09-05-07,Saloon,73CE7CCB-7696-4068-86EF-66CFF5E9D42F
00:00.0,Bentley,United Kingdom,NULL,42250,67000,550,475,1950,486,Aldo Motors,Continental,Red,2015,7,09-05-07,Convertible,92D0070C-9316-443D-AF42-21438C2C0DEC
00:00.0,Bentley,United Kingdom,NULL,42250,30700,550,750,1950,486,Honest John,Continental,Dark Purple,2015,8,20-09-06,Convertible,C57BEAB2-12D6-4E2A-8383-411D5B6BF965
00:00.0,Bentley,France,NULL,44000,67000,1300,425,2570,486,Les Arnaqueurs,Continental,Dark Purple,2015,9,20-09-06,Coupe,7D49EF49-27F5-4459-AE33-28710E0E7A76
00:00.0,Bentley,United Kingdom,NULL,42250,67000,1050,425,2570,486,Wheels'R'Us,Continental,British Racing Green,2015,10,20-09-06,Saloon,CF99BE9F-ACDD-4CEF-90AC-3EAF277C1013
00:00.0,Bentley,United Kingdom,NULL,46750,67000,1050,425,2570,486,Honest John,Continental,Black,2015,11,20-09-06,Saloon,C91ABD7D-5247-4750-8847-72372D2A6CA6
00:00.0,Bentley,United Kingdom,NULL,46750,30700,1050,425,2570,486,Aldo Motors,Azure,Night Blue,2015,12,20-09-06,Saloon,F3EA7184-BB36-4258-956F-299FD51C8DD0
00:00.0,Bentley,Spain,NULL,46750,30700,200,25,2570,486,Costa Del Speed,Turbo R,Canary Yellow,2015,1,20-09-06,Convertible,CA443E2B-359A-4AA9-AA60-6D4908D791C7
00:00.0,Jaguar,Germany,NULL,32500,42500,200,25,400,486,Karz,XK,Red,2015,2,09-05-07,Coupe,7F945728-99AD-44A0-93CD-16245DA2DABB
00:00.0,TVR,Spain,NULL,44000,42500,200,25,400,325,Costa Del Speed,Tuscan,Blue,2015,3,20-09-06,Coupe,BEBC3BC9-F616-416F-AF2E-E00717EAFE5A
00:00.0,Jaguar,Germany,NULL,42250,42500,200,25,400,325,Karz,XK,Green,2015,4,09-05-07,Saloon,5777C41B-4BAD-4299-9B46-8F7A0220D0E0
00:00.0,TVR,Switzerland,NULL,32500,42500,200,25,400,325,Voitures Diplomatiques S.A.,Cerbera,Silver,2015,5,20-09-06,Coupe,D7EFC172-EE07-4868-B340-7C0DDBF702B5
00:00.0,Jaguar,USA,NULL,122750,42500,200,25,400,325,Rocky Riding,XK,Canary Yellow,2015,6,09-05-07,Convertible,9503E3DA-2A84-408E-8F24-CBB5ED733898
00:00.0,TVR,United Kingdom,NULL,32500,42500,200,25,400,325,Honest John,Tuscan,Night Blue,2015,7,20-09-06,Coupe,161441E2-080A-425E-86A4-12A6117792BC
00:00.0,Jaguar,France,NULL,44000,42500,200,25,400,325,Les Arnaqueurs,XK,Canary Yellow,2015,8,20-09-06,Saloon,23841002-BE8F-4080-8516-DCE689B37C50
00:00.0,TVR,United Kingdom,NULL,32500,42500,200,25,400,325,Wheels'R'Us,Cerbera,Silver,2015,9,20-09-06,Coupe,37074638-A6BD-4AAE-A1B4-55A2B2B47D66
00:00.0,Jaguar,USA,NULL,42250,42500,200,25,400,325,Rocky Riding,XK,Red,2015,10,20-09-06,Saloon,426289C9-45ED-4418-AF35-7C7310277651
00:00.0,TVR,United Kingdom,NULL,44000,42500,200,25,400,325,Wheels'R'Us,Tuscan,Blue,2015,11,09-05-07,Coupe,1ACB5F7C-7FC1-4AA0-811F-1D87C53AD2DD
00:00.0,Jaguar,United Kingdom,NULL,32500,42500,200,25,400,325,Bright Orange,XK,Blue,2015,12,20-09-06,Coupe,DCC1CED6-E3B6-4FFE-A500-338249DD2D68
00:00.0,Jaguar,United Kingdom,NULL,44000,42500,200,25,400,325,Olde Englande,XJ6,Blue,2015,1,20-09-06,Saloon,9F36DA7D-8A17-43E2-8379-51E7107663D0
00:00.0,Jaguar,United Kingdom,NULL,42250,30700,200,25,250,250,Impressive Wheels,XJ6,Dark Purple,2015,2,20-09-06,Saloon,07FB19ED-D3D1-4818-8228-524C658C782C
00:00.0,Jaguar,United Kingdom,NULL,42250,30700,200,25,250,250,Olde Englande,XJ6,British Racing Green,2015,3,20-09-05,Saloon,6713B234-CE9F-42D1-9669-88F007D28478
00:00.0,Jaguar,United Kingdom,NULL,42250,30700,200,25,250,250,Smooth Riders,XJ6,Black,2015,4,20-09-05,Saloon,BA148CB7-DE5A-480C-AB59-8B908042C9F4
00:00.0,Jaguar,United Kingdom,NULL,42250,67000,200,25,400,250,Luxury Rentals,XK,Red,2015,5,20-09-05,Coupe,CB60D359-3C93-41FA-92E3-BC3917797816
00:00.0,Jaguar,United Kingdom,NULL,44000,67000,200,25,400,250,Premium Motor Vehicles,XK,Canary Yellow,2015,6,20-09-05,Saloon,797FD40D-7BC0-485C-80AC-A8E9EE82AB88
00:00.0,Jaguar,United Kingdom,NULL,44000,30700,200,25,250,250,Luxury Rentals,XJ6,Canary Yellow,2015,7,20-09-05,Saloon,DA1DFFDD-1ED3-4D82-839B-469036C38ADB
00:00.0,Jaguar,United Kingdom,NULL,42250,30700,200,25,250,250,Aldo Motors,XJ6,Silver,2015,8,20-09-05,Saloon,27731F9D-0E3D-4EA2-87CA-228B43023A64
00:00.0,Jaguar,United Kingdom,NULL,42250,30700,200,25,250,250,Honest John,XK,Silver,2015,9,20-09-05,Coupe,2785D58B-3360-4070-8F3F-ED510A34A151
00:00.0,Jaguar,United Kingdom,NULL,42250,67000,200,25,250,250,Honest John,XK,Silver,2015,10,20-09-05,Coupe,5B9E2117-F79B-492F-89B3-832BF2750507
00:00.0,Jaguar,United Kingdom,NULL,42250,30700,200,25,250,250,Bright Orange,XJ6,Silver,2015,11,20-09-05,Saloon,2BCA15D1-05AF-448A-81B6-3C9BDB3EF823
00:00.0,Jaguar,United Kingdom,NULL,44000,67000,200,25,400,250,Cut'n'Shut,XK,Blue,2015,12,20-09-05,Saloon,108244C3-96AB-4EFE-A3C0-93AB8CB60DA2
00:00.0,Jaguar,United Kingdom,NULL,44000,67000,200,25,400,250,Wheels'R'Us,XK,Blue,2015,1,20-09-05,Saloon,FDFCA5DA-2C1B-4FBA-9361-3DC368EEDEEA
00:00.0,MGB,United Kingdom,NULL,42250,9500,200,25,400,325,Olde Englande,GT,Red,2015,2,20-09-05,Coupe,E8018B68-75E2-4E24-B7C7-780C013DC0E6
00:00.0,MGB,United Kingdom,NULL,42250,13500,200,25,250,325,Wheels'R'Us,GT,Green,2015,3,20-09-74,Convertible,308E18AD-6C80-4324-A9D7-0146E1C2A5AF
00:00.0,MGB,United Kingdom,NULL,28000,9500,200,25,250,325,Wheels'R'Us,GT,Red,2015,4,20-09-74,Coupe,54E082D2-4A6E-4DE9-9040-CF505D3F2252
00:00.0,MGB,United Kingdom,NULL,25250,13500,200,25,250,325,Cut'n'Shut,GT,Red,2015,5,20-09-76,Coupe,DE19199C-2475-4D2D-B000-CBB43AAD4C9D
00:00.0,MGB,United Kingdom,NULL,25250,9500,200,50,250,325,Cut'n'Shut,GT,Red,2015,6,20-09-76,Convertible,681121BC-DFBA-42B7-91D8-29AE23F2CBDA
00:00.0,MGB,United Kingdom,NULL,25250,13500,200,25,250,325,Bright Orange,GT,Red,2015,7,20-09-74,Coupe,E108F514-BC42-4E44-A6A3-56B4A15533CD
00:00.0,MGB,United Kingdom,NULL,28000,9500,200,25,400,325,Honest John,GT,Blue,2015,8,20-09-74,Coupe,2E946918-75ED-4B38-AF30-901D924EB75C
00:00.0,MGB,United Kingdom,NULL,25250,13500,200,25,400,325,Aldo Motors,GT,Green,2015,9,20-09-74,Coupe,8265552E-4737-4B33-8D67-EF34E0534EDB
00:00.0,MGB,United Kingdom,NULL,28000,9500,200,50,250,325,Honest John,GT,Silver,2015,10,20-09-74,Convertible,EF1698C3-D572-49F0-9AF9-B7D8AC0C1C74
00:00.0,MGB,United Kingdom,NULL,25250,13500,200,25,400,325,Bright Orange,GT,Canary Yellow,2015,11,20-09-76,Coupe,3A880B6F-5FDD-4CCE-A88C-C95BBE0C4F14
00:00.0,MGB,United Kingdom,NULL,28000,9500,200,25,400,325,Aldo Motors,GT,Night Blue,2015,12,20-09-76,Coupe,B7146A2D-DC47-498E-BF34-FFB95E4DFC01
00:00.0,MGB,United Kingdom,NULL,25250,9500,200,25,250,325,Luxury Rentals,GT,British Racing Green,2015,1,20-09-76,Coupe,6579B5F5-C2DF-45B8-94AE-71505CFF5C99
00:00.0,Triumph,United Kingdom,NULL,25250,13500,200,25,250,325,Smooth Riders,TR4,Black,2015,2,20-09-74,Coupe,59C62123-6353-439C-84F9-B667AE8B2C5E
00:00.0,Triumph,United Kingdom,NULL,28000,22000,200,25,250,325,Honest John,TR5,Dark Purple,2015,3,20-09-74,Coupe,9630F723-304E-4EA0-8C8D-41E722342611
00:00.0,Triumph,United Kingdom,NULL,25250,13500,200,50,400,325,Impressive Wheels,TR7,British Racing Green,2015,4,20-09-78,Coupe,E0E62A1E-A25E-4312-8760-A6EE90CFC7F1
00:00.0,Triumph,United Kingdom,NULL,25250,22000,200,25,400,325,Bright Orange,TR4,Night Blue,2015,5,20-09-76,Coupe,A197358C-6171-42BD-8525-357582987594
00:00.0,Triumph,Spain,NULL,25250,13500,200,25,400,325,Costa Del Speed,TR4,Canary Yellow,2015,6,20-09-76,Coupe,06978D90-0794-4468-8374-8B432262C25D
00:00.0,Triumph,United Kingdom,NULL,25250,22000,200,25,250,325,Cut'n'Shut,TR5,Canary Yellow,2015,7,20-09-76,Coupe,EB552BB8-1F2F-4E47-8219-3BAE166203AB
00:00.0,Triumph,United Kingdom,NULL,28000,22000,200,50,400,325,Wheels'R'Us,TR5,Blue,2015,8,20-09-74,Coupe,84C6D775-206C-44BA-B675-21A1B7A741AE
00:00.0,Triumph,United Kingdom,NULL,25250,22000,200,25,50,325,Olde Englande,TR4,Blue,2015,9,20-09-74,Coupe,CF6FE655-693B-4BB2-A9DF-BA2D63302AAA
00:00.0,Triumph,United Kingdom,NULL,28000,22000,200,25,400,325,Impressive Wheels,TR4,Red,2015,10,20-09-74,Coupe,630616DE-4742-43F7-AD91-37D5A001DAEF
00:00.0,Triumph,United Kingdom,NULL,28000,22000,200,25,50,325,Cut'n'Shut,TR7,Red,2015,11,20-09-78,Coupe,63CFFDCC-D47F-4386-9631-84C967BD3B6A
00:00.0,Triumph,United Kingdom,NULL,28000,22000,200,25,75,325,Bright Orange,TR4,Green,2015,12,20-09-74,Coupe,D1E7D7A1-A0D0-40EC-9DDA-DF123DDFAEE0
00:00.0,Triumph,France,NULL,28000,22000,550,950,150,450,Chateau Moi,TR5,Silver,2015,1,20-09-05,Coupe,52D515E5-3BAA-42E1-9D2B-C39E9A795A5B
00:00.0,Aston Martin,France,NULL,77250,36125,1300,950,895,1250,Vive la Vitesse!,DB7,Red,2015,1,05-04-07,Convertible,998D5B44-2111-42FF-B488-BD9CD89EA00A
00:00.0,Aston Martin,France,NULL,72000,22500,550,950,750,1250,Carosse Des Papes,DB7,Blue,2015,2,05-04-05,Coupe,3E85A0EF-EFDA-424E-B721-A9A797A0F46C
00:00.0,Aston Martin,Switzerland,NULL,25500,27500,1050,950,895,950,Three Country Cars,Vantage,Green,2015,3,05-04-07,Coupe,0D54C28C-5F17-4982-B703-D242286A1D6B
00:00.0,Aston Martin,Switzerland,NULL,39750,22500,800,950,895,1250,Jungfrau,Vantage,Silver,2015,3,05-04-07,Convertible,5E41B327-B5FC-4730-9555-D832A8D999AC
00:00.0,Rolls Royce,France,NULL,77250,36125,1050,950,895,1250,Chateau Moi,Camargue,Canary Yellow,2015,3,05-04-03,Coupe,AFFFAD41-2D1D-4732-98E5-3BD0DC828F10
00:00.0,Aston Martin,France,NULL,48550,22500,2550,325,500,950,Vive la Vitesse!,DB7,Night Blue,2015,4,05-04-05,Coupe,B11851FE-0A10-4B68-8D4B-9369E1D96D00
00:00.0,Rolls Royce,France,NULL,25500,27500,1300,325,895,1250,Carosse Des Papes,Camargue,Black,2015,4,05-04-07,Saloon,6FBA0BC3-1BA1-41F6-96DD-1D9F1C60C79C
00:00.0,Aston Martin,Switzerland,NULL,48550,22500,1050,325,500,1250,Three Country Cars,Vantage,Red,2015,5,05-04-07,Coupe,ADD5CF75-3140-49A1-8331-11E3738FA3E2
00:00.0,Aston Martin,Switzerland,NULL,39750,22500,550,950,895,1250,Jungfrau,DB7,Blue,2015,5,05-04-07,Convertible,FAA72EBE-53A8-4502-9CC0-55B8EFA77D66
00:00.0,Aston Martin,France,NULL,48550,22500,1050,0,750,1250,Chateau Moi,Vantage,Green,2015,5,05-04-07,Coupe,E34523F3-A2DC-40B9-BE7F-60E56832B508
00:00.0,Aston Martin,France,NULL,40440,27500,2550,950,895,950,Vive la Vitesse!,DB7,Silver,2015,6,05-04-09,Convertible,F0162487-7469-4B33-907E-3E68BFC00155
00:00.0,Aston Martin,France,NULL,77250,22500,1300,950,500,1250,Carosse Des Papes,Vantage,Canary Yellow,2015,7,05-04-07,Coupe,45D5D28D-9EE7-49CF-93C5-FDA9E73E6B4D
00:00.0,Rolls Royce,Switzerland,NULL,48550,22500,1050,250,895,1250,Three Country Cars,Camargue,Dark Purple,2015,7,05-04-10,Saloon,89203650-254B-4B4C-8E03-C7987EB296CA
00:00.0,Aston Martin,Switzerland,NULL,39750,27500,1300,0,500,1250,Jungfrau,DB7,Black,2015,9,05-04-07,Coupe,90E93767-C520-4F3C-8DC8-E8BC1CE8A86B
00:00.0,Aston Martin,Switzerland,NULL,40440,22500,550,250,500,1250,Jungfrau,DB9,Red,2015,10,05-04-03,Coupe,B0E096F7-AE12-45A3-BF75-A21EFAE1D9B1
00:00.0,Rolls Royce,France,NULL,72000,22500,1050,0,895,950,Vive la Vitesse!,Camargue,Blue,2015,11,05-04-07,Saloon,F2434578-4A04-4DE2-B4CE-6377343D569C
00:00.0,Aston Martin,Switzerland,NULL,40440,36125,800,950,895,1250,Jungfrau,DB9,Green,2015,11,05-04-07,Coupe,BCCB1451-178A-4A6D-AA57-3C317B8D744D
00:00.0,Aston Martin,France,NULL,77250,22500,550,950,750,1250,Carosse Des Papes,DB7,Silver,2015,11,05-04-03,Coupe,45275E14-7807-4788-BD7D-1E505F8AB515
00:00.0,Aston Martin,USA,NULL,40440,22500,550,650,895,1250,Ambassador Cars,DB9,Canary Yellow,2014,10,05-04-01,Convertible,500B375B-C86D-4023-A9F1-B6E8095AB7D3
00:00.0,Rolls Royce,USA,NULL,97750,55000,550,650,500,750,Ambassador Cars,Camargue,Silver,2014,10,08-01-85,Saloon,500B375B-C86D-4023-A9F1-B6E8095AB7D3
00:00.0,Aston Martin,USA,NULL,122750,80000,50,1400,600,550,Embassy Motors,DB9,Blue,2014,1,09-05-07,Coupe,B8B56FE0-4EAD-428D-ACD8-B5DEE53803E5
00:00.0,Rolls Royce,USA,NULL,90750,80000,800,900,750,550,Style ‘N Ride,Camargue,Green,2014,2,08-09-06,Saloon,91347A10-1B5B-427A-8A5D-BCFBFB2EED7A
00:00.0,Rolls Royce,USA,NULL,91750,93000,50,900,85,550,Embassy Motors,Camargue,Blue,2014,3,05-01-87,Saloon,D664035B-E341-48D3-A982-EEF0607EF43A
00:00.0,Rolls Royce,USA,NULL,94750,67000,50,1400,2500,550,Sporty Types Corp,Camargue,Silver,2014,4,08-01-85,Saloon,F3EB649B-C057-4072-9CB4-8F9A3EB43D06
00:00.0,Rolls Royce,USA,NULL,105250,130000,50,900,4000,550,BritWheels,Camargue,British Racing Green,2014,5,06-05-86,Saloon,B6BECEEB-FF5D-464E-AA7B-D400C08117F3
00:00.0,Aston Martin,USA,NULL,112750,61000,800,400,900,550,Style ‘N Ride,DB9,Dark Purple,2014,6,09-08-91,Coupe,2627C94E-02BF-4AFE-AD60-59A0A6C2BDA0
00:00.0,Aston Martin,USA,NULL,127750,28500,2550,900,900,550,Tweedy Wheels,DB9,Red,2014,7,08-05-92,Coupe,4819E56D-CFDC-42F3-96AD-8932017BF33C
00:00.0,Aston Martin,USA,NULL,132750,20500,50,900,900,750,Ambassador Cars,DB9,Blue,2014,8,08-09-05,Coupe,8D98A46D-8840-4E0A-A50C-2C1518DA9207
00:00.0,Aston Martin,USA,NULL,77750,80890,150,900,750,750,Ambassador Cars,DB9,Silver,2014,9,08-05-93,Coupe,016DBBAB-3E89-4E31-A2B8-F9BB1C63B2DD
00:00.0,Aston Martin,USA,NULL,71250,104000,50,1400,750,750,Tweedy Wheels,DB9,Night Blue,2014,11,06-05-75,Coupe,ECD2CAFF-2660-4213-8AC2-181D68709CE8
00:00.0,Aston Martin,USA,NULL,97750,130000,50,1400,750,750,Sporty Types Corp,DB9,Canary Yellow,2014,11,15-01-85,Coupe,0BF6EE19-3B6D-41B5-965F-B033E716430D
00:00.0,Aston Martin,USA,NULL,157750,130000,5050,1400,600,750,Style ‘N Ride,DB9,Silver,2014,12,29-03-79,Coupe,A3EC91D2-69FD-4CAD-AB7B-B7A1CEEC7F22
00:00.0,Aston Martin,USA,NULL,97750,160000,50,1400,600,570,BritWheels,DB9,Black,2014,12,08-09-04,Coupe,4DDEA2B9-DFA7-44C8-AAE9-407DC5363849
00:00.0,Aston Martin,USA,NULL,181250,130000,50,1650,600,570,Tweedy Wheels,DB9,British Racing Green,2015,1,04-06-94,Coupe,A9FC4E9A-60D5-4242-84ED-0AE04CF52053
00:00.0,Rolls Royce,USA,NULL,132750,67000,50,1650,600,570,Sporty Types Corp,Camargue,Silver,2015,2,08-09-06,Saloon,9CD3E1D7-C76E-4A7A-B315-56A7D9962D6E
00:00.0,Rolls Royce,USA,NULL,181250,67000,50,890,600,654,BritWheels,Camargue,Silver,2015,3,01-09-00,Saloon,35B06E2B-8895-42AE-9737-8B43C1F5E095
00:00.0,Rolls Royce,USA,NULL,112750,80890,50,400,600,987,Style ‘N Ride,Camargue,Green,2015,4,10-05-97,Saloon,250876E8-0EC1-4E7D-9764-233FC5CA03B6
00:00.0,Rolls Royce,USA,NULL,132750,67000,1000,1650,600,654,Embassy Motors,Camargue,Black,2015,5,01-09-01,Saloon,1F1A407B-BFEB-44D2-BD2B-6D4C5E6FDB5E
00:00.0,Rolls Royce,USA,NULL,181250,80890,50,1650,450,321,Ambassador Cars,Camargue,Red,2015,6,08-06-05,Saloon,A21B57D0-8E1F-4E3C-8F0F-BFEDEAA8DE5B
00:00.0,Rolls Royce,USA,NULL,112750,67000,1800,400,400,951,Ambassador Cars,Camargue,Red,2015,7,01-01-99,Saloon,4CEAD75C-0B42-41C7-9568-83A8105F03F2
00:00.0,Rolls Royce,USA,NULL,105250,67000,50,900,400,987,Embassy Motors,Camargue,Black,2015,8,05-05-01,Saloon,4C12987B-9293-44B0-8414-0CE2EE2D461A
00:00.0,Rolls Royce,USA,NULL,132750,67000,50,350,400,750,Style ‘N Ride,Camargue,British Racing Green,2015,9,08-01-85,Saloon,60BA9A5C-8E00-49DB-88AE-7867B3F0600B
00:00.0,Rolls Royce,USA,NULL,181250,80890,50,1650,200,654,Sporty Types Corp,Camargue,Dark Purple,2015,10,04-05-06,Saloon,84DF359A-7F13-4B36-84D0-515839355DDC
00:00.0,Rolls Royce,USA,NULL,181250,80890,800,1650,200,987,BritWheels,Camargue,Black,2015,11,01-06-97,Saloon,89137218-5084-488A-928B-41D038A043EE
00:00.0,Rolls Royce,USA,NULL,132750,80890,50,1650,300,321,Sporty Types Corp,Camargue,Red,2015,12,01-06-97,Saloon,56B34FCE-4222-4369-8877-43CDEC85F17F
00:00.0,Rolls Royce,USA,NULL,181250,67000,50,400,300,654,Sporty Types Corp,Camargue,British Racing Green,2015,1,25-05-07,Saloon,CF2E265F-BAF9-480E-B7F8-A5F874EA2134
00:00.0,Aston Martin,USA,NULL,181250,80890,50,400,500,987,BritWheels,DB9,Dark Purple,2015,2,01-06-97,Coupe,0C132865-13C4-41C2-9B56-5D5E599CBAA5
00:00.0,Aston Martin,USA,NULL,112750,80890,50,400,600,963,BritWheels,DB9,Black,2015,3,31-01-99,Coupe,B3AAA65A-7062-4C44-BC82-4CEB7997B558
00:00.0,Aston Martin,USA,NULL,181250,80890,50,50,500,852,Style ‘N Ride,DB9,Black,2015,4,04-05-06,Coupe,CD37BD90-39EB-4F55-B197-E297B36EA857
00:00.0,Aston Martin,USA,NULL,112750,80890,45,400,400,147,Ambassador Cars,DB9,Night Blue,2015,5,08-09-06,Coupe,A3B812D6-FF53-4195-AC4A-2BE29556B321
00:00.0,Aston Martin,USA,NULL,105250,80890,800,350,800,852,Embassy Motors,DB9,Canary Yellow,2015,6,04-05-06,Coupe,30A92215-23C4-4CB1-A791-1804E1DE9603
00:00.0,Aston Martin,USA,NULL,181250,67000,500,350,750,654,Style ‘N Ride,DB9,Silver,2015,7,08-05-98,Coupe,471FA2C2-2B6E-483B-9FF4-0BEAC1EF999F
00:00.0,Aston Martin,USA,NULL,127250,67000,1300,350,850,984,Sporty Types Corp,DB9,Green,2015,8,01-06-97,Coupe,29A46897-B535-45EF-90C3-CABC37BA517D
00:00.0,Aston Martin,USA,NULL,132750,67000,50,0,950,895,BritWheels,DB9,Canary Yellow,2015,9,09-05-07,Coupe,09847B4B-D425-4E96-9237-DE1BD06E2F9B
00:00.0,Aston Martin,USA,NULL,112750,67000,50,350,1500,486,Sporty Types Corp,DB9,Blue,2015,10,02-02-02,Coupe,93BF4615-7135-4F28-9DC6-9945AB3FB7DE
00:00.0,Aston Martin,USA,NULL,181250,67000,50,1650,1400,325,Sporty Types Corp,DB9,Red,2015,11,01-09-01,Coupe,B317DC9A-3D76-4533-A377-BED059566C45
00:00.0,Aston Martin,USA,NULL,132750,130000,50,1650,1560,658,BritWheels,DB9,Red,2015,12,20-09-06,Coupe,D8ADE80A-411C-43C7-86C0-406E57C921DF
00:00.0,Aston Martin,USA,NULL,112750,130000,550,350,1950,752,Ambassador Cars,DB9,Red,2014,1,01-09-01,Coupe,DED80F4D-DBB1-4A4D-AF39-098455AD515D
00:00.0,Jaguar,USA,NULL,46750,30000,550,350,1950,486,Ambassador Cars,XK,Dark Purple,2014,2,01-09-00,Coupe,017F116D-FB9D-4455-B4DF-DC76C6EFF40E
00:00.0,Jaguar,USA,NULL,47750,42500,50,0,1950,486,Ambassador Cars,XK,British Racing Green,2014,3,01-09-00,Saloon,9FE1F4B3-611F-43A4-94F0-6A0E07DD40C2
00:00.0,Jaguar,USA,NULL,42250,30000,50,400,1950,486,Ambassador Cars,XK,Black,2014,4,01-09-00,Saloon,9A73D14B-5185-4F46-A38B-68C73051573E
00:00.0,Jaguar,USA,NULL,46750,42500,50,400,1950,486,Style ‘N Ride,XK,Canary Yellow,2014,5,01-09-00,Coupe,23760258-75C8-44A2-A183-2F1AACA4FC9A
00:00.0,Jaguar,USA,NULL,46750,30000,550,400,1950,486,Sporty Types Corp,XK,Canary Yellow,2014,6,01-09-00,Saloon,D147063E-455F-40BD-9106-36204AA440E7
00:00.0,Jaguar,USA,NULL,42250,42500,550,1650,1950,486,BritWheels,XK,Canary Yellow,2014,7,01-09-00,Coupe,B9247A41-27F7-4C16-8926-3C05F70DA5BD
00:00.0,Jaguar,USA,NULL,46750,30000,800,400,1950,486,Sporty Types Corp,XK,Green,2014,8,01-09-00,Coupe,B3FE4A5C-B6CE-4856-B398-9CC9B041AB07
00:00.0,Jaguar,USA,NULL,112750,55000,650,1650,2570,486,Sporty Types Corp,XK,Blue,2014,9,01-06-97,Saloon,609B18FF-9A4F-4B14-BBCF-F04D7EE4C752
00:00.0,Jaguar,USA,NULL,112750,30000,800,1650,2570,987,BritWheels,XK,Canary Yellow,2014,10,01-06-97,Saloon,0F368C66-EDFB-403B-B184-9C94EAC83828
00:00.0,Jaguar,USA,NULL,46750,42500,50,400,2570,987,BritWheels,XK,British Racing Green,2014,11,01-06-97,Saloon,E8694176-1105-4AB1-8184-DB33CB4F3062
00:00.0,Jaguar,USA,NULL,42250,30000,50,400,2570,987,Ambassador Cars,XK,Dark Purple,2014,12,01-06-97,Coupe,CE536FD7-BC65-4E04-9322-3D30AE0E7BA0
00:00.0,Jaguar,USA,NULL,46750,42500,50,1650,2570,987,Embassy Motors,XK,Canary Yellow,2015,1,01-06-97,Coupe,7BA72349-39AB-410D-8600-886C399BC33C
00:00.0,Jaguar,USA,NULL,46750,30000,50,400,1950,987,Style ‘N Ride,XK,British Racing Green,2015,2,01-06-97,Coupe,C1778B44-5492-440C-AD93-21059A674837
00:00.0,Jaguar,USA,NULL,46750,42500,800,400,1950,987,BritWheels,XK,Dark Purple,2015,3,01-06-97,Coupe,271AB0CA-83EC-4E07-BE20-2B5D83B558B3
00:00.0,Jaguar,USA,NULL,42250,30000,650,400,1950,987,Sporty Types Corp,XK,Red,2015,4,20-09-06,Saloon,AF5C9F99-0F7A-487F-81B4-E6DFF96C2A68
00:00.0,Jaguar,USA,NULL,112750,42500,650,400,1950,987,Union Jack Sports Cars,XK,Red,2015,5,20-09-06,Saloon,22359384-B947-4262-86A5-5ABA45D9853A
00:00.0,Jaguar,USA,NULL,46750,30000,550,350,1950,987,British Luxury Automobile Corp,XK,Red,2015,6,20-09-06,Saloon,25F71089-FFDE-4956-BAA0-7CF48E04CDA1
00:00.0,Jaguar,USA,NULL,42250,42500,550,350,1950,987,Buckingham Palace Car Services,XK,Dark Purple,2015,7,20-09-06,Coupe,9DD2E4E6-C8FC-4A70-A141-B2F5804CA0ED
00:00.0,Jaguar,USA,NULL,42250,30000,550,350,1950,750,Union Jack Sports Cars,XK,British Racing Green,2015,8,20-09-06,Coupe,932BD946-9288-4D6B-BA3D-A72DCD950CC0
00:00.0,Jaguar,USA,NULL,42250,17500,550,400,1950,750,Tweedy Wheels,XK,Black,2015,9,20-09-06,Coupe,40D162E4-3F9B-4A66-B323-63776765404D
00:00.0,Jaguar,USA,NULL,42250,30000,650,400,1950,750,Sporty Types Corp,XK,Canary Yellow,2015,10,20-09-06,Saloon,ADB17B60-7655-4D4A-8E11-4DC37FC92A18
00:00.0,Jaguar,USA,NULL,42250,42500,800,400,1950,750,Sporty Types Corp,XK,Canary Yellow,2015,11,20-09-06,Coupe,7F8D4198-ABA6-40DB-A15D-72368AE14B12
00:00.0,Jaguar,USA,NULL,42250,30000,800,400,1950,1250,BritWheels,XK,Silver,2015,12,20-09-06,Saloon,42AAC1E5-E65E-456A-945F-3DF0696F0A35
00:00.0,Jaguar,USA,NULL,42250,42500,650,400,2570,1250,BritWheels,XK,Green,2014,1,20-09-06,Saloon,2CFAB849-CCE7-41F9-B61F-0984A3D7237E
00:00.0,Bentley,USA,NULL,42250,30700,800,400,2570,1250,Style ‘N Ride,Continental,Blue,2014,2,20-09-06,Saloon,A1E8E7BD-701B-4C45-AD6D-EFE1EE9EB7DF
00:00.0,Bentley,USA,NULL,46750,30700,800,400,2570,1250,Style ‘N Ride,Continental,Canary Yellow,2014,3,20-09-06,Saloon,FB9CF51E-1386-4404-A22F-401990B3F75A
00:00.0,Bentley,USA,NULL,46750,30700,650,675,2570,987,Embassy Motors,Continental,Red,2014,4,20-09-06,Saloon,E0FD4D84-882A-4C12-A878-49CC8AAEA57A
00:00.0,Bentley,USA,NULL,112750,30700,800,675,2570,1250,Embassy Motors,Continental,Red,2014,5,09-05-07,Saloon,D0C881AF-5053-47C2-8402-7973E3714A24
00:00.0,Bentley,USA,NULL,112750,67000,550,675,2570,987,Ambassador Cars,Continental,Canary Yellow,2014,6,09-05-07,Coupe,BD1637F0-07A0-4783-AEF7-17D248691540
00:00.0,Bentley,USA,NULL,112750,67000,550,675,2570,1250,Ambassador Cars,Continental,Canary Yellow,2014,7,09-05-07,Convertible,1E4037D4-6FA3-4563-9769-46DA274139C9
00:00.0,Bentley,USA,NULL,112750,30700,550,675,2570,987,British Luxury Automobile Corp,Continental,British Racing Green,2014,8,09-05-07,Saloon,60B4EE2D-2FFA-41D1-AC9A-EAD60D27F2B1
00:00.0,Bentley,USA,NULL,112750,30700,550,675,1950,1250,Buckingham Palace Car Services,Continental,Black,2014,9,09-05-07,Saloon,F9DE5F9C-DBBB-461A-A90D-2295D71F7AD3
00:00.0,Bentley,USA,NULL,46750,30700,550,400,1950,987,Tweedy Wheels,Continental,Silver,2014,10,09-05-07,Saloon,38812158-2016-4BE2-9B39-D015F44D3449
00:00.0,Bentley,USA,NULL,112750,67000,550,350,1950,1250,Ambassador Cars,Continental,Canary Yellow,2014,11,09-05-07,Saloon,3CC1A128-C248-45EE-95EE-7CD154BB0D3C
00:00.0,Bentley,USA,NULL,46750,67000,550,350,1950,987,Embassy Motors,Continental,Canary Yellow,2014,12,09-05-07,Coupe,02C5476A-F229-4308-8C56-C07D917C375B
00:00.0,Bentley,USA,NULL,46750,67000,400,350,1950,987,Style ‘N Ride,Continental,Night Blue,2015,1,09-05-07,Saloon,534E8AC0-42A7-4C8B-B714-FE7C8BAA561B
00:00.0,Bentley,USA,NULL,112750,30700,550,400,1950,1250,BritWheels,Continental,Night Blue,2015,2,09-05-07,Saloon,393FCEEE-E358-4A5A-A23B-3EF83C6F28A1
00:00.0,Bentley,USA,NULL,112750,30700,400,675,1950,750,Sporty Types Corp,Continental,Green,2015,3,09-05-07,Coupe,EA80A40B-5B51-4B67-A3D4-7C0464791C6B
00:00.0,Bentley,USA,NULL,44000,30700,550,675,1950,750,Tweedy Wheels,Continental,Blue,2015,4,09-05-07,Saloon,19729956-34D2-46FF-B4FD-FBADE74FF73E
00:00.0,Bentley,USA,NULL,112750,30700,550,675,1950,750,Union Jack Sports Cars,Continental,Red,2015,5,09-05-07,Saloon,1E246834-5135-4C9A-B0AA-5142CA50CB22
00:00.0,Bentley,USA,NULL,42250,67000,400,400,1950,750,Buckingham Palace Car Services,Continental,Red,2015,6,09-05-07,Saloon,70B8C54E-0484-4306-9AA3-3C0885B4E77D
00:00.0,Bentley,USA,NULL,42250,67000,550,400,1950,486,Ambassador Cars,Continental,Red,2015,7,09-05-07,Convertible,F60B2388-54BD-4B06-8E95-0EB3F4D047AC
00:00.0,Bentley,USA,NULL,42250,30700,550,675,1950,486,Embassy Motors,Continental,Dark Purple,2015,8,20-09-06,Convertible,3BD86D96-4C47-4B5E-A31A-4A13A105AD5C
00:00.0,Bentley,USA,NULL,44000,67000,1300,350,2570,486,Tweedy Wheels,Continental,Dark Purple,2015,9,20-09-06,Coupe,1C4BBBD0-30C3-454C-AEBF-AE1BF0F0BE6A
00:00.0,Bentley,USA,NULL,42250,67000,1050,350,2570,486,Sporty Types Corp,Continental,British Racing Green,2015,10,20-09-06,Saloon,09D2948D-7D1D-4EE1-9197-C76903D78D4B
00:00.0,Bentley,USA,NULL,46750,67000,1050,350,2570,486,Embassy Motors,Continental,Black,2015,11,20-09-06,Saloon,C1ED862D-563C-4DAB-87A9-CC383AB6EE22
00:00.0,Bentley,USA,NULL,46750,30700,1050,350,2570,486,Ambassador Cars,Continental,Night Blue,2015,12,20-09-06,Saloon,99BE5DDF-4D0A-473E-A059-444BBDA5824F
00:00.0,Jaguar,USA,NULL,32500,42500,200,-50,400,486,Classy Car Sales,XK,Red,2015,2,09-05-07,Coupe,8A5B77F7-C982-420C-8332-5F220279E4C1
00:00.0,Jaguar,USA,NULL,42250,42500,200,-50,400,325,Classy Car Sales,XK,Green,2015,4,09-05-07,Saloon,1C4B4CF0-6E34-4890-BA45-EE03FD232788
00:00.0,TVR,USA,NULL,32500,42500,200,-50,400,325,British Luxury Automobile Corp,Tuscan,Silver,2015,5,20-09-06,Coupe,E5C7D247-2B8E-4322-8AE9-33A8E7AF32F5
00:00.0,Jaguar,USA,NULL,122750,42500,350,-50,400,325,Buckingham Palace Car Services,XK,Canary Yellow,2015,6,09-05-07,Convertible,E69214B0-7278-4F6F-9457-4A37C4079EF6
00:00.0,TVR,USA,NULL,32500,42500,200,-50,400,325,Embassy Motors,Tuscan,Night Blue,2015,7,20-09-06,Coupe,1AE128D3-29CD-49D2-8A45-3E5580B7C28D
00:00.0,Jaguar,USA,NULL,44000,42500,200,-50,400,325,Tweedy Wheels,XK,Canary Yellow,2015,8,20-09-06,Saloon,22201381-B16D-4AEB-9BF4-22B65705DD40
00:00.0,TVR,USA,NULL,32500,42500,200,-50,400,325,Sporty Types Corp,Tuscan,Silver,2015,9,20-09-06,Coupe,51BEB9F3-0E14-43B1-BB66-79EBF3D70576
00:00.0,Jaguar,USA,NULL,42250,42500,350,-50,400,325,Buckingham Palace Car Services,XK,Red,2015,10,20-09-06,Saloon,959E4D3E-4137-40B2-BAB9-1AE0D24E5D1C
00:00.0,TVR,USA,NULL,44000,42500,200,-50,400,325,Sporty Types Corp,Tuscan,Blue,2015,11,09-05-07,Coupe,2E57DA1F-7067-41E9-A10D-24620DEB219C
00:00.0,Jaguar,USA,NULL,32500,42500,350,-50,400,325,Style ‘N Ride,XK,Blue,2015,12,20-09-06,Coupe,29E4F389-BD97-4916-8D89-1A0F574F2BDE
00:00.0,Jaguar,USA,NULL,44000,42500,200,-50,400,325,BritWheels,XK,Blue,2015,1,20-09-06,Saloon,E3BDBBB6-FA33-4892-9E83-CD92ED1AE359
00:00.0,Jaguar,USA,NULL,42250,30700,200,-50,250,250,BritWheels,XK,Dark Purple,2015,2,20-09-06,Saloon,3023EF50-B10B-41B3-BFE7-27082B10CB8C
00:00.0,Jaguar,USA,NULL,42250,30700,200,-50,250,250,BritWheels,XK,British Racing Green,2015,3,20-09-05,Saloon,C2F17DCB-ED8A-44FB-B8BC-50546259BB28
00:00.0,Jaguar,USA,NULL,42250,30700,200,-50,250,250,BritWheels,XK,Black,2015,4,20-09-05,Saloon,44B9F6D7-0F65-409D-BA4F-188BAD1F3BA0
00:00.0,Jaguar,USA,NULL,42250,67000,200,-50,400,250,BritWheels,XK,Red,2015,5,20-09-05,Coupe,34E84A5D-EFF3-4AB3-B3D8-31E0EBCAB799
00:00.0,Jaguar,USA,NULL,44000,67000,200,-50,400,250,BritWheels,XK,Canary Yellow,2015,6,20-09-05,Saloon,20762235-541D-4395-B047-5B32AC0DD12E
00:00.0,Jaguar,USA,NULL,44000,30700,350,-50,250,250,BritWheels,XK,Canary Yellow,2015,7,20-09-05,Saloon,95ECE14B-5F19-4F7B-B01B-688EB263376F
00:00.0,Jaguar,USA,NULL,42250,30700,200,-50,250,250,Ambassador Cars,XK,Silver,2015,8,20-09-05,Saloon,166734F5-B5D1-48DA-8424-4CB6B97F7214
00:00.0,Jaguar,USA,NULL,42250,30700,200,-50,250,250,Embassy Motors,XK,Silver,2015,9,20-09-05,Coupe,283CA979-A592-48A0-A3AD-90FB2F6265BA
00:00.0,Jaguar,USA,NULL,42250,67000,200,-50,250,250,Embassy Motors,XK,Silver,2015,10,20-09-05,Coupe,4A6F1EC7-8C91-4624-AFB4-EDA6AAD52098
00:00.0,Jaguar,USA,NULL,42250,30700,350,-50,250,250,Style ‘N Ride,XK,Silver,2015,11,20-09-05,Saloon,80AE6A8E-FEA1-4E96-AA4F-2A54EEE2D58B
00:00.0,Jaguar,USA,NULL,44000,67000,200,-50,400,250,BritWheels,XK,Blue,2015,12,20-09-05,Saloon,7DA92B57-1E68-4C2A-B40E-4720C1FEA3CD
00:00.0,Jaguar,USA,NULL,44000,67000,150,-50,400,250,Sporty Types Corp,XK,Blue,2015,1,20-09-05,Saloon,E180BB34-8C21-4BAB-AA1F-B6666515897A
00:00.0,MGB,USA,NULL,42250,9500,200,-50,400,325,British Luxury Automobile Corp,GT,Red,2015,2,20-09-05,Coupe,ED114E14-754C-431B-B7B0-F19E94DFE122
00:00.0,MGB,USA,NULL,42250,13500,150,-50,250,325,Sporty Types Corp,GT,Green,2015,3,20-09-74,Convertible,EF2DF64C-11D7-4341-84BA-136173F17835
00:00.0,MGB,USA,NULL,28000,9500,350,-50,250,325,Sporty Types Corp,GT,Red,2015,4,20-09-74,Coupe,893E9004-DF65-47F7-8F9C-74A1AEC662BF
00:00.0,MGB,USA,NULL,25250,13500,200,-50,250,325,BritWheels,GT,Red,2015,5,20-09-76,Coupe,2BE098E1-43DB-4E09-9608-1B1F8DC938EA
00:00.0,MGB,USA,NULL,25250,9500,200,50,250,325,BritWheels,GT,Red,2015,6,20-09-76,Convertible,084CE00A-ED3A-4417-80F7-CDA172E87822
00:00.0,MGB,USA,NULL,25250,13500,150,-50,250,325,Style ‘N Ride,GT,Red,2015,7,20-09-74,Coupe,441E021D-3495-4D0C-9EFA-37C5993017A2
00:00.0,MGB,USA,NULL,28000,9500,350,-50,400,325,Embassy Motors,GT,Blue,2015,8,20-09-74,Coupe,F2BE2833-BBC5-4F6A-938C-6A03C4F62281
00:00.0,MGB,USA,NULL,25250,13500,200,-50,400,325,Ambassador Cars,GT,Green,2015,9,20-09-74,Coupe,D466E36A-D90E-4552-9757-20FA06EF6A1E
00:00.0,MGB,USA,NULL,28000,9500,200,50,250,325,Embassy Motors,GT,Silver,2015,10,20-09-74,Convertible,CA313D87-2D2D-4A5E-BC0A-8BAD82479A7D
00:00.0,MGB,USA,NULL,25250,13500,200,-50,400,325,Style ‘N Ride,GT,Canary Yellow,2015,11,20-09-76,Coupe,D9A3AACD-2D12-4BA2-8A4F-58ABFA7696A5
00:00.0,MGB,USA,NULL,28000,9500,200,-50,400,325,Ambassador Cars,GT,Night Blue,2015,12,20-09-76,Coupe,EEFCAD1D-831D-4D1B-B65B-E53090151C00
00:00.0,MGB,USA,NULL,25250,9500,150,-50,250,325,Union Jack Sports Cars,GT,British Racing Green,2015,1,20-09-76,Coupe,35EAF044-B0BA-45A4-A5F7-F2F64B84DD96
00:00.0,Triumph,USA,NULL,25250,13500,200,-50,250,325,Union Jack Sports Cars,TR4,Black,2015,2,20-09-74,Coupe,B1E49570-C872-4AC1-BF16-53D56544F7CB
00:00.0,Triumph,USA,NULL,28000,22000,200,-50,250,325,Embassy Motors,TR4,Dark Purple,2015,3,20-09-74,Coupe,B3B8AF95-B162-4983-AD24-6325A8FAF7DD
00:00.0,Triumph,USA,NULL,25250,22000,200,-50,400,325,Style ‘N Ride,TR4,Night Blue,2015,5,20-09-76,Coupe,5BDF1DE4-8034-4A56-BDC5-98344FC99B8B
00:00.0,Triumph,USA,NULL,25250,22000,200,-50,250,325,BritWheels,TR4,Canary Yellow,2015,7,20-09-76,Coupe,475F203C-394E-462E-AF6C-0B145D6DF596
00:00.0,Triumph,USA,NULL,28000,22000,200,50,400,325,Sporty Types Corp,TR4,Blue,2015,8,20-09-74,Coupe,EF8F4073-8531-48A2-A170-C37F619578F5
00:00.0,Triumph,USA,NULL,25250,22000,200,-50,50,325,Style ‘N Ride,TR4,Blue,2015,9,20-09-74,Coupe,F4AA0AFD-A2A5-4F66-8991-F332D65DDD25
00:00.0,Triumph,USA,NULL,28000,22000,200,-50,400,325,Ambassador Cars,TR4,Red,2015,10,20-09-74,Coupe,75AFE80E-6034-4B1B-81AF-952D8FC9A8E8
00:00.0,Triumph,USA,NULL,28000,22000,200,-50,50,325,Classy Car Sales,TR4,Red,2015,11,20-09-78,Coupe,373ECB78-9EAA-40F4-A7C9-09817F5CFF52
00:00.0,Triumph,USA,NULL,28000,22000,200,-50,75,325,British Luxury Automobile Corp,TR4,Green,2015,12,20-09-74,Coupe,9599828D-AFBD-4DDC-83F7-AC9D697B22EE
00:00.0,Triumph,USA,NULL,28000,22000,550,875,150,450,Embassy Motors,TR4,Silver,2015,1,20-09-05,Coupe,B00C409D-D81A-40DC-AF47-7EE837A30F36
00:00.0,Aston Martin,USA,NULL,77250,36125,1300,875,895,1250,BritWheels,DB9,Red,2015,1,05-04-07,Convertible,F683AD66-70CF-4A07-ABA1-3783F81B4B5F
00:00.0,Aston Martin,USA,NULL,72000,22500,550,875,750,1250,Style ‘N Ride,DB9,Blue,2015,2,05-04-05,Coupe,2F9FCD8F-5BD6-4FC9-9947-74AC15A01660
00:00.0,Aston Martin,USA,NULL,25500,27500,1050,875,895,950,Classy Car Sales,DB9,Green,2015,3,05-04-07,Coupe,79F599B7-0B62-4DCD-AF5D-557EAB30A988
00:00.0,Aston Martin,USA,NULL,39750,22500,800,875,895,1250,Style ‘N Ride,DB9,Silver,2015,3,05-04-07,Convertible,4C4C8F69-C596-4198-8170-5D4EE18250B9
00:00.0,Rolls Royce,USA,NULL,77250,36125,1050,875,895,1250,Style ‘N Ride,Camargue,Canary Yellow,2015,3,05-04-03,Coupe,61282F28-2E10-4B4E-A3A9-D89935FCC6E6
00:00.0,Aston Martin,USA,NULL,48550,22500,2550,250,500,950,Style ‘N Ride,DB9,Night Blue,2015,4,05-04-05,Coupe,8C5BCF50-E0AF-4044-9434-D353C6189DDC
00:00.0,Rolls Royce,USA,NULL,25500,27500,1300,250,895,1250,Style ‘N Ride,Camargue,Black,2015,4,05-04-07,Saloon,8247886E-24A7-4DDA-BD3A-5F435B8DEDD1
00:00.0,Aston Martin,USA,NULL,48550,22500,1050,250,500,1250,Ambassador Cars,DB9,Red,2015,5,05-04-07,Coupe,1881FA5C-740A-4B6A-81F1-9266746B7276
00:00.0,Aston Martin,USA,NULL,39750,22500,550,875,895,1250,Tweedy Wheels,DB9,Blue,2015,5,05-04-07,Convertible,9085AD52-6F12-4E6B-A34A-289083A24095
00:00.0,Aston Martin,USA,NULL,48550,22500,1050,-75,750,1250,Embassy Motors,DB9,Green,2015,5,05-04-07,Coupe,458CEC75-D3D4-4DB9-8B33-00E24B05DB44
00:00.0,Aston Martin,USA,NULL,40440,27500,2550,875,895,950,Union Jack Sports Cars,DB9,Silver,2015,6,05-04-09,Convertible,804111B6-2D31-440A-9C95-A5E32FEEA94D
00:00.0,Aston Martin,USA,NULL,77250,22500,1300,875,500,1250,Style ‘N Ride,DB9,Canary Yellow,2015,7,05-04-07,Coupe,DD6B2770-DA33-4A8E-9B0B-7734BB66BB1F
00:00.0,Rolls Royce,USA,NULL,48550,22500,1050,175,895,1250,Sporty Types Corp,Camargue,Dark Purple,2015,7,05-04-10,Saloon,FAE8C854-586E-49DD-8994-81C49D4D447D
00:00.0,Aston Martin,USA,NULL,39750,27500,1300,-75,500,1250,Buckingham Palace Car Services,DB9,Black,2015,9,05-04-07,Coupe,CF472D66-EF09-4B67-B0DB-5AD0933FF04F
00:00.0,Aston Martin,USA,NULL,40440,22500,550,175,500,1250,British Luxury Automobile Corp,DB9,Red,2015,10,05-04-03,Coupe,11924DE3-A1EA-4AAA-A2C4-56993FB0176D
00:00.0,Rolls Royce,USA,NULL,72000,22500,1050,-75,895,950,Classy Car Sales,Camargue,Blue,2015,11,05-04-07,Saloon,CBB92556-1D13-447E-98E1-B3ECCC4FB247
00:00.0,Aston Martin,USA,NULL,40440,36125,800,875,895,1250,Ambassador Cars,DB9,Green,2015,11,05-04-07,Coupe,54C176DE-35B7-4DB9-8BAE-0321704E1F97
00:00.0,Aston Martin,USA,NULL,77250,22500,550,875,750,1250,Embassy Motors,DB9,Silver,2015,11,05-04-03,Coupe,8FB171CC-016A-4C24-8DF6-22EE8FE93733
